name,set_name,collector_number,url,foil,etched,quantity,price
Abyssal Persecutor,Commander 2014,132,https://api.scryfall.com/cards/2ff15389-10a1-49d7-b1c2-d7a13e151612,0,0,1,1.86
Abzan Ascendancy,Khans of Tarkir,160,https://api.scryfall.com/cards/9af53a53-d30a-4289-a043-953cd81ee241,0,0,1,0.17
Abzan Falconer,Khans of Tarkir,2,https://api.scryfall.com/cards/21ee4f3c-dc94-4156-b0ed-60fe6310451a,1,0,1,2.09
Academic Probation (Promo),Strixhaven: School of Mages Promos,7s,https://api.scryfall.com/cards/545011ff-848c-46b3-9d56-0d82b11fa7b6,1,0,1,0.50
Academy Ruins,Double Masters,309,https://api.scryfall.com/cards/a95b7645-154f-4904-bf71-db7eb24d4df2,0,0,1,10.45
Act of Authority,Commander 2013,1,https://api.scryfall.com/cards/e107bd35-eddd-40f7-aea8-3a1eec3363c0,0,0,1,0.68
Adarkar Wastes,Ninth Edition,317,https://api.scryfall.com/cards/40f61de1-4e49-4640-a495-5abefd96babf,0,0,1,3.99
Aether Channeler,Dominaria United,42,https://api.scryfall.com/cards/60afeb75-2c1e-4634-8c83-88b1dddb77c2,0,0,1,0.24
Aether Snap,Commander 2014,133,https://api.scryfall.com/cards/c89eed52-aa5b-4a59-9bc6-cea65e504deb,0,0,1,0.52
Aether Vial,Iconic Masters,212,https://api.scryfall.com/cards/c14cdc38-dd46-495e-93bd-d2694b64d5ad,0,0,4,3.94
Aetherflux Reservoir,Kaladesh,192,https://api.scryfall.com/cards/96b6b2e1-c3e6-464c-8a13-b15deb34e862,0,0,1,19.33
Agent of Treachery,Core Set 2020,43,https://api.scryfall.com/cards/cc6686e6-4535-49be-b0b3-e76464656cd2,0,0,1,4.89
All Is Dust,Ultimate Masters,1,https://api.scryfall.com/cards/8cf632ef-70e3-46f2-af21-14ea7ef30237,0,0,1,3.84
Allure of the Unknown,Theros Beyond Death,207,https://api.scryfall.com/cards/f77e09c3-917c-4bbb-bb94-60f4e9417832,0,0,1,0.10
Alpine Moon,Core Set 2019,128,https://api.scryfall.com/cards/2435c810-2baf-4e3b-80ce-542b94694901,0,0,2,0.24
An Offer You Can't Refuse,Streets of New Capenna,51,https://api.scryfall.com/cards/b9d349f3-5be2-4b1f-a4c3-ba94822cf0cf,0,0,1,1.95
"Anafenza, Kin-Tree Spirit",Dragons of Tarkir,2,https://api.scryfall.com/cards/55611f05-10cf-42d0-b93e-7f0c0c852a06,0,0,2,0.19
"Anafenza, the Foremost",Khans of Tarkir,163,https://api.scryfall.com/cards/c8b432a7-53da-4480-b571-e6feb1364a3a,0,0,1,0.56
Ancient Grudge,Innistrad,127,https://api.scryfall.com/cards/e5e7b966-7c5b-44e6-a6df-4bd7af4edaa9,0,0,1,0.16
Ancient Grudge,Modern Masters 2017,88,https://api.scryfall.com/cards/3d7313d3-e6fb-4e82-b558-5fcfd5b71177,0,0,1,0.27
Ancient Stirrings,Masters 25,159,https://api.scryfall.com/cards/90ea4a23-63fa-4d3d-90e3-c007ba0c0e78,0,0,1,0.26
Ancient Stirrings,Rise of the Eldrazi,174,https://api.scryfall.com/cards/97ac2766-a597-4949-882d-c5e61e6dd268,0,0,3,0.29
Ancient Tomb,From the Vault: Realms,1,https://api.scryfall.com/cards/31984c11-5289-4fc3-9291-27e15b68146d,1,0,1,125.01
Angel of Finality,Commander 2013,4,https://api.scryfall.com/cards/bd3c34c9-2072-4ebb-93ef-34173015bfb8,0,0,1,0.48
"Angrath, Captain of Chaos (Promo)",War of the Spark Promos,227s,https://api.scryfall.com/cards/aedb1bac-b650-4955-b8b7-d1e7a4ad5cdf,1,0,1,1.04
Animate Dead,Eternal Masters,78,https://api.scryfall.com/cards/7b83536a-efa4-41f3-9424-75b0efc0aea5,0,0,2,7.67
Animate Dead,Revised Edition,93,https://api.scryfall.com/cards/eed73f84-ad08-44f8-a4fe-cd324ec1da92,0,0,1,7.76
Animation Module (Promo),Kaladesh Promos,194s,https://api.scryfall.com/cards/a8cbbd88-fda3-4a5f-88e8-a709e121a01d,1,0,1,8.22
Annihilate,Commander 2014,134,https://api.scryfall.com/cards/ebb91862-832b-42ba-bace-4d4f461df507,0,0,1,0.08
"Aphemia, the Cacophony",Theros Beyond Death,84,https://api.scryfall.com/cards/5b359607-d699-4ba9-a438-48f0dd8f1bf5,0,0,1,0.14
Arcane Denial,Masters 25,41,https://api.scryfall.com/cards/9d1ffeb1-6c31-45f7-8140-913c397022a3,0,0,1,2.13
Arcane Lighthouse,Commander 2014,59,https://api.scryfall.com/cards/977e3112-b141-44c0-9e8d-d7a0b93092b9,0,0,1,6.92
Arcane Signet,Throne of Eldraine,331,https://api.scryfall.com/cards/84128e98-87d6-4c2f-909b-9435a7833e63,0,0,1,0.54
Archaeomancer,Ultimate Masters,45,https://api.scryfall.com/cards/cc258713-6ce3-44e0-9b4b-8fa7d1d093a1,0,0,1,0.22
Archangel of Wrath,Dominaria United,3,https://api.scryfall.com/cards/2d00bab2-e95d-4296-a805-2a05e7640efb,0,0,1,0.20
Archon of Emeria (Extended Art),Zendikar Rising,315,https://api.scryfall.com/cards/530ed3d8-d176-44c8-ba54-f2536ceeb497,1,0,3,2.59
Arid Mesa,Modern Masters 2017,229,https://api.scryfall.com/cards/c9a8cc61-7e36-4df7-9c89-c32fce129c5a,0,0,4,30.61
"Ashiok, Dream Render",War of the Spark,228,https://api.scryfall.com/cards/f2df3258-c053-48a8-974f-d80899b2cd93,1,0,1,6.85
"Ashiok, Dream Render",War of the Spark,228,https://api.scryfall.com/cards/f2df3258-c053-48a8-974f-d80899b2cd93,0,0,1,1.46
Astral Drift (Promo),Modern Horizons Promos,3,https://api.scryfall.com/cards/f3acc9b9-b89c-4a45-b49e-c414cfa9db48,1,0,1,0.22
Avatar's Wrath,Avatar: The Last Airbender,12,https://api.scryfall.com/cards/4811072d-fac0-40dd-a5cf-9694d51b12cf,0,0,1,4.78
Aven Interrupter,Outlaws of Thunder Junction,4,https://api.scryfall.com/cards/d3ca43a4-d194-440f-8099-f1fa103a108d,0,0,1,3.93
Aven Mindcensor,Amonkhet,5,https://api.scryfall.com/cards/403a50cc-fa16-42a4-b9f2-d8327e5d1bb6,0,0,1,0.87
Aven Mindcensor,Future Sight,18,https://api.scryfall.com/cards/5b8ede8a-5317-4662-b964-a9bd202a4aab,0,0,2,2.06
Aven Windreader,Ninth Edition,62,https://api.scryfall.com/cards/1e017119-4040-4277-849f-3ed961c992c6,0,0,1,0.11
Azorius Signet,Commander 2018,196,https://api.scryfall.com/cards/20daf226-12c3-460c-b66a-e447346076d2,0,0,1,0.24
Bad Moon,Commander 2014,135,https://api.scryfall.com/cards/d2a766a1-8382-4dc7-aba8-ebc325f7e61f,0,0,1,1.60
Barbed Spike,Modern Horizons 2,5,https://api.scryfall.com/cards/c75c8631-e630-402b-a559-f1b1aa49763c,0,0,1,0.07
Barren Moor,Commander 2014,284,https://api.scryfall.com/cards/874143b7-3f04-401d-bdef-93f2f1009788,0,0,1,0.17
Basalt Monolith,Commander 2015,244,https://api.scryfall.com/cards/e5951ebc-8fee-4305-a776-b2bd751c9818,0,0,1,4.31
Batterskull,New Phyrexia,130,https://api.scryfall.com/cards/cd114ec3-d286-4c70-a122-3043bc53cc88,0,0,1,3.83
Beast Whisperer,Guilds of Ravnica,123,https://api.scryfall.com/cards/9da6f595-41b2-4e52-b15a-6ad18e4232c7,0,0,1,4.57
Bident of Thassa (Promo),Theros Promos,42★,https://api.scryfall.com/cards/228b8b54-e49b-48b3-8ed3-f863244e77c1,1,0,1,1.06
Bishop of Wings (Promo),Core Set 2020 Promos,8s,https://api.scryfall.com/cards/1cbdffab-b171-4e7c-906f-d04aa722cf40,1,0,1,6.44
Black Sun's Zenith,Commander 2014,136,https://api.scryfall.com/cards/90b217bf-9a62-4239-be24-e23c106b8212,0,0,1,1.08
Blacksmith's Skill,Modern Horizons 2,6,https://api.scryfall.com/cards/31506792-d0ab-4c13-9ab8-6fa433220dbf,0,0,2,0.24
Blade Splicer,Modern Masters 2017,3,https://api.scryfall.com/cards/9d53b9ef-fedc-4471-ac90-018d7033a9fc,0,0,4,0.21
Blast Zone,War of the Spark,244,https://api.scryfall.com/cards/ea6bc7d5-e8f6-4103-920c-9f7ec5cd6c28,0,0,1,0.25
Blessed Alliance,Eldritch Moon,13,https://api.scryfall.com/cards/b5805eab-9a32-4c0c-9015-7bdb74ad7634,0,0,2,0.19
Blood Artist,Eternal Masters,81,https://api.scryfall.com/cards/9ca6d92a-45d3-4d67-8ae9-f25dd4a86739,0,0,1,1.83
Blood Crypt,Return to Ravnica,238,https://api.scryfall.com/cards/8bd5828b-8dcd-4ce6-b834-ebe9cbaa12d1,0,0,4,15.34
Bloodgift Demon,Commander 2014,137,https://api.scryfall.com/cards/6a2e1d4a-8df4-472f-a98f-d6b71c1dd1c4,0,0,1,0.91
Bloodline Culling (Promo),Innistrad: Midnight Hunt Promos,89p,https://api.scryfall.com/cards/861da541-059a-43de-923d-3ee8e3802012,0,0,1,0.17
Bloodstained Mire,Khans of Tarkir,230,https://api.scryfall.com/cards/7f430794-0d86-4f6a-97e0-4bbb6716d613,0,0,4,14.74
Bojuka Bog,Commander 2014,285,https://api.scryfall.com/cards/0ac2a3ab-a221-47a7-b1c1-a9306fa48b0c,0,0,1,1.11
"Boromir, Warden of the Tower (Showcase)",The Lord of the Rings: Tales of Middle-earth,302,https://api.scryfall.com/cards/e186ef93-f369-4b4d-a683-36f338b6ce3f,0,0,1,4.40
Bountiful Promenade,Battlebond,81,https://api.scryfall.com/cards/21865ed6-5edd-41f4-9ae0-f501872d91dc,0,0,1,18.34
"Brago, King Eternal",Eternal Masters,198,https://api.scryfall.com/cards/8ba873c1-f1ff-49f2-9e0d-bc9d52f94d76,0,0,1,2.37
Brainstorm,Masters 25,46,https://api.scryfall.com/cards/2ea8d5cb-cf7e-4194-8019-812b3f56cf20,0,0,1,1.69
Breeding Pool,Gatecrash,240,https://api.scryfall.com/cards/ece3bcdd-cb33-4923-b919-ba57a327d3cd,0,0,4,10.77
Brushland,Fifth Edition,412,https://api.scryfall.com/cards/e6793b15-37fb-495e-b5e2-22c1df4cdc05,0,0,3,4.78
Brutal Cathar // Moonrage Brute,Innistrad: Midnight Hunt,7,https://api.scryfall.com/cards/0dbac7ce-a6fa-466e-b6ba-173cf2dec98e,0,0,1,0.27
Burnished Hart,Commander 2014,232,https://api.scryfall.com/cards/d8f71a69-85c3-4233-ab3f-04731c81d4f5,0,0,1,0.11
Burrenton Forge-Tender,Iconic Masters,14,https://api.scryfall.com/cards/40dd31ae-f252-449b-9d79-749a9a255763,0,0,2,0.17
Burrenton Forge-Tender,Modern Event Deck 2014,22,https://api.scryfall.com/cards/b50df9f4-2e10-452f-839e-3c479b58c53a,0,0,2,0.17
Butcher of Malakir,Commander 2014,138,https://api.scryfall.com/cards/35055620-0f04-4b71-b35c-ac9fc9e637fa,0,0,1,0.33
Cabal Therapy,Eternal Masters,83,https://api.scryfall.com/cards/2f5b12f0-986f-43d0-a81b-64111e7f17e6,0,0,2,5.20
Caged Sun (Retro Frame),The Brothers' War Retro Artifacts,9,https://api.scryfall.com/cards/be8e7286-4166-4d79-8fd6-4232826dc8d8,0,0,1,4.39
Canopy Vista,Battle for Zendikar,234,https://api.scryfall.com/cards/a3262c7f-4fdf-4648-ba59-9279c75d222d,0,0,1,0.32
Captain of the Watch,Duel Decks: Elspeth vs. Kiora,3,https://api.scryfall.com/cards/6e201980-e220-44dc-beab-ad13c20332bd,0,0,1,0.35
Capture of Jingzhou,Commander Masters,79,https://api.scryfall.com/cards/f87d0298-f76b-4ea8-82c4-5861c4539d8b,0,0,1,10.66
Cast Down (Promo),Dominaria Promos,81,https://api.scryfall.com/cards/a41150b2-44a6-4e80-8b32-afc6ea744fb3,1,0,6,1.33
Castle Garenbrig,Throne of Eldraine,240,https://api.scryfall.com/cards/e3c2c66c-f7f0-41d5-a805-a129aeaf1b75,0,0,1,5.29
Cataclysmic Gearhulk,Kaladesh,9,https://api.scryfall.com/cards/7b10947b-c276-41c4-b72c-efcddd94d13b,0,0,1,0.41
Cathar Commando,Innistrad: Midnight Hunt,10,https://api.scryfall.com/cards/98cbc1c2-b76e-4da3-aa43-00e10b2ce532,0,0,4,0.16
Cavern of Souls,Ultimate Masters,237,https://api.scryfall.com/cards/25976cb2-3123-4935-adcc-70e3db51d381,0,0,3,42.46
Caves of Koilos,Magic Origins,245,https://api.scryfall.com/cards/ca145c1c-537a-459e-9241-0b95368aaf3a,0,0,3,0.78
Chalice of the Void,Mirrodin,150,https://api.scryfall.com/cards/1a02ca71-5e39-4a5f-aaba-a1e3e10a6a3e,0,0,1,13.49
Chalice of the Void,Modern Masters,203,https://api.scryfall.com/cards/1e472d9d-4e00-4f01-9daa-559e630403cc,0,0,1,14.15
Charcoal Diamond,Commander 2014,235,https://api.scryfall.com/cards/ea9f9b9a-f5dc-47d5-8d01-baf79842ea65,0,0,1,0.33
Charming Prince,Throne of Eldraine,8,https://api.scryfall.com/cards/dcb94950-3f3e-4876-84f8-d5e4d9cfecee,0,0,5,1.87
Chord of Calling,Magic 2015,172,https://api.scryfall.com/cards/0a7695cc-7b6b-499d-9f5a-729082fc72e9,0,0,3,4.95
Chrome Courier,Modern Horizons 2,190,https://api.scryfall.com/cards/a11d8da1-a183-470a-b4ed-2e35ac5ab9a9,0,0,1,0.04
Citadel Siege,Fate Reforged,8,https://api.scryfall.com/cards/239c373a-465c-4cda-9895-624871d8606e,0,0,1,0.22
Clever Impersonator,Khans of Tarkir,34,https://api.scryfall.com/cards/cd8fffd3-81ad-47e3-a27b-d8059f2b506f,0,0,1,3.34
Cloudblazer,Kaladesh,176,https://api.scryfall.com/cards/3cb12355-abd8-4bf3-aac1-f710ac162585,0,0,1,0.11
Cloudshift,Avacyn Restored,12,https://api.scryfall.com/cards/35b06c8f-5f08-43bd-a548-2a98ba30fd41,0,0,1,0.85
Clue // Clue,Unstable Tokens,18,https://api.scryfall.com/cards/9b111525-0600-4bae-94a3-df8f9472388f,1,0,3,0.44
Coldsteel Heart,The List,CM2-181,https://api.scryfall.com/cards/24fe738e-c24c-4b0b-b177-e502ced57cc7,0,0,1,5.38
Comet Storm,Commander 2020,148,https://api.scryfall.com/cards/066383e2-55c2-433f-8665-f0fd22dfa3f0,0,0,1,3.81
Command Tower,Commander 2018,240,https://api.scryfall.com/cards/6d28946e-a478-4e0b-b39b-ec0236ddc9a5,0,0,1,0.36
Commander's Sphere,Commander 2014,54,https://api.scryfall.com/cards/61e0a922-1689-484f-abb3-902ce1c964ca,0,0,1,0.21
Concealed Courtyard,Kaladesh,245,https://api.scryfall.com/cards/c8769e97-aee8-4466-a9d7-0f4245ae4a97,0,0,4,1.33
Conjurer's Closet,Avacyn Restored,214,https://api.scryfall.com/cards/7378e998-0382-42fc-8606-c6e7fc04b6a4,0,0,1,4.18
Connive // Concoct (Promo),Guilds of Ravnica Promos,222s,https://api.scryfall.com/cards/d9374771-c737-4cc8-b379-19039e66a525,1,0,1,0.58
Consider (Promo),Innistrad: Midnight Hunt,388,https://api.scryfall.com/cards/0b3f40a0-5f58-4157-aed9-b1a52e922c3c,0,0,1,1.81
Containment Priest,Ultimate Masters,11,https://api.scryfall.com/cards/7bece9c5-1a2f-44e1-b7f4-9498da558bc8,0,0,4,0.65
Council's Judgment,Conspiracy,16,https://api.scryfall.com/cards/17f28b16-da65-41a8-ba4f-f1c5e104aad6,0,0,1,0.47
Counterspell,Masters 25,50,https://api.scryfall.com/cards/cca8eb95-d071-46a4-885c-3da25b401806,0,0,1,1.56
Crumbling Vestige (Promo),Friday Night Magic 2016,8,https://api.scryfall.com/cards/265d3d67-37de-4461-86d0-0f398b5e4169,1,0,1,1.75
Cryogen Relic,Edge of Eternities,52,https://api.scryfall.com/cards/7bfb33b6-e2bf-498f-8c58-ae21a840cf75,0,0,1,0.19
Crypt Ghast,Commander 2014,139,https://api.scryfall.com/cards/623c9804-42c4-4b69-bc39-f70d96929d07,0,0,1,13.32
Crypt of Agadeem,Commander 2014,288,https://api.scryfall.com/cards/ba4c4c6b-65bf-480f-bdd5-e7acc8a512bf,0,0,1,4.30
Cyclonic Rift,Return to Ravnica,35,https://api.scryfall.com/cards/205c4689-8b02-4d40-9274-3c1fcafa8b82,0,0,1,27.34
Daghatar the Adamant (Promo),Fate Reforged Promos,9s,https://api.scryfall.com/cards/948f595c-4e7a-4109-8e8d-a3a92d125744,1,0,1,0.35
"Darien, King of Kjeldor",Masters 25,9,https://api.scryfall.com/cards/ed5f96a4-55e0-4ae3-bd78-f01703649e9d,1,0,1,10.16
Dark Confidant,Modern Masters 2015,75,https://api.scryfall.com/cards/05cf51d8-9f91-42ff-99e9-4397f2251c20,0,0,1,5.41
Dark Ritual,Masters 25,82,https://api.scryfall.com/cards/95f27eeb-6f14-4db3-adb9-9be5ed76b34b,0,0,2,3.74
Deadeye Navigator,Modern Masters 2017,36,https://api.scryfall.com/cards/f26a79b9-9f09-476e-b914-cade929dd852,0,0,1,2.48
Deadeye Navigator,Avacyn Restored,47,https://api.scryfall.com/cards/fa94262b-f740-48fb-a937-75776864c9ee,0,0,1,2.00
Deafening Silence,Throne of Eldraine,10,https://api.scryfall.com/cards/6072d9b0-d3c7-46f4-bd24-095bb13c4dea,0,0,3,1.68
Death Baron,Core Set 2019,90,https://api.scryfall.com/cards/c9699446-b6f5-4e6a-a263-059cbf6e4b7e,0,0,4,3.85
Death's Shadow,Worldwake,57,https://api.scryfall.com/cards/16e040c3-bf42-4a5b-aeb3-5dc9921151e5,1,0,1,9.83
Death's Shadow,Double Masters,82,https://api.scryfall.com/cards/5526ff6e-c079-4ad4-ac8d-5e26ecacf50d,1,0,1,1.69
Death's Shadow,Double Masters,82,https://api.scryfall.com/cards/5526ff6e-c079-4ad4-ac8d-5e26ecacf50d,0,0,1,1.39
Death's Shadow,Modern Masters 2017,64,https://api.scryfall.com/cards/9ddf501c-af11-4e97-81f7-32c9ee384a27,0,0,1,1.27
Decree of Justice,Duel Decks: Elspeth vs. Kiora,7,https://api.scryfall.com/cards/55d084fb-231f-4296-9db3-e4edf7ecfe1f,0,0,1,0.23
Defiler of Faith,Dominaria United,16,https://api.scryfall.com/cards/2cfe404d-1a27-4627-9284-56188d92d5d5,0,0,1,0.43
Defiler of Instinct,Dominaria United,119,https://api.scryfall.com/cards/0e76e0cc-caff-4b15-b550-39e2324c8c95,0,0,1,0.37
Defiler of Vigor,Dominaria United,160,https://api.scryfall.com/cards/0896860c-d028-4193-89a5-97e05c12a1e7,0,0,1,2.82
Delay,Time Spiral Remastered,61,https://api.scryfall.com/cards/3906d538-f1ca-4799-b91c-2e0d2934f241,0,0,1,1.58
"Delney, Streetwise Lookout",Murders at Karlov Manor,12,https://api.scryfall.com/cards/be219928-3d0e-4d00-b124-152ce8a8c13b,0,0,1,35.79
Demon,Commander 2014 Tokens,12,https://api.scryfall.com/cards/952e41e4-2e1e-4977-a33b-6835446af0e6,0,0,1,0.24
Demon,Commander 2014 Tokens,13,https://api.scryfall.com/cards/c655cd86-ed24-46e4-95d8-7eb1cf251de4,0,0,5,0.22
Demon of Wailing Agonies,Commander 2014,21,https://api.scryfall.com/cards/ace249fc-0d05-4132-8c0c-4abdc3b42119,0,0,1,1.85
Deranged Assistant,Commander Legends,65,https://api.scryfall.com/cards/73373421-c43d-4152-818a-55abc85b477a,0,0,1,0.06
"Derevi, Empyrial Tactician",Commander Anthology,176,https://api.scryfall.com/cards/3a1d0dad-18a8-489e-ac11-08f64b72fda4,1,0,1,6.86
Deserted Beach (Promo),Innistrad: Midnight Hunt Promos,260p,https://api.scryfall.com/cards/b695048a-9809-417b-999f-0818006d8344,0,0,1,3.75
Destructive Revelry,Theros,192,https://api.scryfall.com/cards/798af7cb-645f-4526-8a19-6e4595b93964,0,0,3,0.17
Detention Sphere,Return to Ravnica,155,https://api.scryfall.com/cards/afee5464-83b7-4d7a-b407-9ee7de21535b,0,0,1,0.32
Devoted Druid,Shadowmoor,110,https://api.scryfall.com/cards/820e2f07-f637-4144-b45a-0e1430dcf55e,0,0,3,1.33
Diabolic Tutor,Kaladesh,75,https://api.scryfall.com/cards/06750380-a9a9-4ab4-a03b-d4d35a31132a,0,0,1,1.32
Diabolic Tutor,Magic 2014,95,https://api.scryfall.com/cards/d75a7c8b-f29f-4574-96c0-daac17fc75bb,0,0,5,1.34
Dictate of Kruphix,Journey into Nyx,37,https://api.scryfall.com/cards/e8e7916c-f39a-48a0-a47d-7e83ebf028fa,0,0,4,1.11
Diffusion Sliver,Magic 2015,50,https://api.scryfall.com/cards/fb110a55-c8f9-4627-82c2-edb10db4f380,0,0,1,3.00
Dinosaur // Treasure (Promo),Friday Night Magic 2017,11,https://api.scryfall.com/cards/21f5880d-6272-4ba8-bdf8-f9a7e54a3336,1,0,1,0.62
Diregraf Ghoul,Innistrad,97,https://api.scryfall.com/cards/4ed5790a-3354-49c2-89b6-3fc0de8dcc7c,0,0,2,0.12
Disciple of Bolas,Commander 2014,140,https://api.scryfall.com/cards/0c4fc28d-8be6-4639-bb9d-7b9fdd47e0d9,0,0,1,0.58
Dismember,New Phyrexia,57,https://api.scryfall.com/cards/064dfdeb-485f-473e-9fa0-8fdb7638cdc6,0,0,2,4.46
Dispel,Battle for Zendikar,76,https://api.scryfall.com/cards/bceab6b3-6b64-4964-a501-ce806a6c13ad,0,0,2,0.45
Dispel,Return to Ravnica,36,https://api.scryfall.com/cards/08d4a8d7-c136-472f-8146-a1100701ca4f,0,0,1,0.28
Dovin's Veto,War of the Spark,193,https://api.scryfall.com/cards/5d6b5054-2224-4f68-9d82-3ed17c5dacc4,0,0,1,2.36
Drag to the Bottom,Dominaria United,91,https://api.scryfall.com/cards/9d243099-94b1-4571-96af-4c5a34241911,0,0,1,0.12
Drag to the Bottom (Promo),Dominaria United Promos,91p,https://api.scryfall.com/cards/f1b743b8-2938-4251-b49f-157a192e30ab,0,0,1,0.27
Dragon's Rage Channeler,Modern Horizons 2,121,https://api.scryfall.com/cards/4ced112a-e775-4f97-97b3-74877e9dce12,1,0,1,1.72
Dragon's Rage Channeler,Modern Horizons 2,121,https://api.scryfall.com/cards/4ced112a-e775-4f97-97b3-74877e9dce12,0,0,3,1.35
Dragonscale General,Fate Reforged,11,https://api.scryfall.com/cards/df904cc6-3ee0-4326-a854-818695aa2890,0,0,1,0.17
Dramatic Reversal,Kaladesh,44,https://api.scryfall.com/cards/dcb59045-2743-48ae-8063-727e551b1c41,0,0,2,0.73
"Drana, Kalastria Bloodchief",Commander 2014,141,https://api.scryfall.com/cards/a33a16f7-434b-4d12-ab7d-95c900b9295e,0,0,1,0.48
Drannith Magistrate,Ikoria: Lair of Behemoths,11,https://api.scryfall.com/cards/98b0a4a8-9319-451b-9b79-b0bca7a41e91,0,0,2,10.64
Dread Return,Commander 2014,142,https://api.scryfall.com/cards/1a61bf42-1dc1-49ed-8cb8-60ce484feef0,0,0,1,0.35
Dregs of Sorrow,Commander 2014,143,https://api.scryfall.com/cards/3c004cd1-9190-4356-ad68-5012c7ef63de,0,0,1,0.31
Dress Down,Modern Horizons 2,39,https://api.scryfall.com/cards/04f9f061-67b8-4427-9fcb-b3ccfee8fc5d,0,0,2,0.71
Dress Down,Modern Horizons 2,39,https://api.scryfall.com/cards/04f9f061-67b8-4427-9fcb-b3ccfee8fc5d,1,0,1,1.71
Drown in the Loch,Throne of Eldraine,188,https://api.scryfall.com/cards/8bf5df5b-164d-4ec2-a5e6-bbaea152e271,1,0,3,1.21
Drown in the Loch,Throne of Eldraine,188,https://api.scryfall.com/cards/8bf5df5b-164d-4ec2-a5e6-bbaea152e271,0,0,1,0.75
Duneblast,Khans of Tarkir,174,https://api.scryfall.com/cards/d076ea5f-630a-4670-9b15-29fd2cececd2,0,0,1,0.21
Duplicant,Mirrodin,165,https://api.scryfall.com/cards/d48a96f2-738f-433f-bfae-fbf378832a3b,0,0,1,0.62
Dusk // Dawn,Amonkhet,210,https://api.scryfall.com/cards/937dbc51-b589-4237-9fce-ea5c757f7c48,0,0,2,0.29
Duskwatch Recruiter // Krallenhorde Howler,Shadows over Innistrad,203,https://api.scryfall.com/cards/e1915d93-c7dd-4bb7-bd5c-63a359a02b97,0,0,5,0.22
Eater of Hope (Promo),Born of the Gods Promos,66★,https://api.scryfall.com/cards/eeafd676-d99d-4f80-b426-5ef60dbf423d,1,0,1,0.27
Eidolon of Rhetoric,Journey into Nyx,10,https://api.scryfall.com/cards/c3bc8b9e-4d22-41ba-b593-d383fd301ef9,0,0,1,0.49
"Eiganjo, Seat of the Empire",Kamigawa: Neon Dynasty,268,https://api.scryfall.com/cards/c375a022-5b57-496d-a802-e4ea8376e9e4,0,0,1,5.50
"Eiganjo, Seat of the Empire (Full Art)",Kamigawa: Neon Dynasty,413,https://api.scryfall.com/cards/7c31c48f-6275-4430-8dc9-05d70c332b7a,1,0,1,11.77
Eldrazi Displacer,Oath of the Gatewatch,13,https://api.scryfall.com/cards/f0bb1a5c-0f59-4951-827f-fe9df968232d,0,0,5,0.77
Eldrazi Temple,Modern Masters 2015,240,https://api.scryfall.com/cards/1ab30d54-6043-4361-b221-268813f06a72,0,0,3,3.06
Eldrazi Temple,Rise of the Eldrazi,227,https://api.scryfall.com/cards/315924c9-77e3-405b-9bbf-852ed563c6e3,0,0,1,3.89
Elemental,Modern Horizons Tokens,8,https://api.scryfall.com/cards/e5b57672-c346-42f5-ac3e-82466a13b957,1,0,1,
Elemental // Elemental,Unstable Tokens,17,https://api.scryfall.com/cards/70f1f745-9fc2-41a6-9d39-fb4964595cf5,1,0,1,0.17
Elemental // Elemental,Unstable Tokens,11,https://api.scryfall.com/cards/72b45263-d4e9-4a53-a78b-be651e18b615,1,0,2,0.33
Elixir of Immortality,Magic 2014,209,https://api.scryfall.com/cards/3d19d950-9e63-4b15-8531-f4b16f5b82fa,0,0,1,0.45
Engineered Explosives,Modern Masters,204,https://api.scryfall.com/cards/822a3a49-48dc-462f-8eb1-613429b7dc1b,0,0,1,2.38
Enlightened Tutor,Mirage,14,https://api.scryfall.com/cards/cbac1d27-15e2-4e2f-82ab-625a16e096cb,0,0,1,32.77
Ensnaring Bridge,Masters 25,224,https://api.scryfall.com/cards/cd8dc8a5-3b53-4860-af60-6386e8c0010f,0,0,1,10.52
Ephemerate,Modern Horizons,7,https://api.scryfall.com/cards/2da5f3f8-5eef-498f-ba2c-2f3fbc3745aa,0,0,1,4.71
Ephemerate (Showcase),Strixhaven Mystical Archive,5,https://api.scryfall.com/cards/7be5092f-cd24-4aea-824e-67b9767019b2,1,0,1,11.94
Ephemerate (Showcase),Strixhaven Mystical Archive,5,https://api.scryfall.com/cards/7be5092f-cd24-4aea-824e-67b9767019b2,0,0,1,7.67
Esper Sentinel,Modern Horizons 2,12,https://api.scryfall.com/cards/f3537373-ef54-4578-9d05-6216420ee349,0,0,2,49.30
Essence Flux,Shadows over Innistrad,61,https://api.scryfall.com/cards/639bdbb5-8c2d-439d-bcea-dc54da9686ea,0,0,1,1.11
Eternal Witness,Duel Decks: Izzet vs. Golgari,55,https://api.scryfall.com/cards/223d3782-f530-4efb-a0fd-088534b4d545,0,0,1,1.16
Eternal Witness,Fifth Dawn,86,https://api.scryfall.com/cards/c7e10ca7-1e5d-4224-82cf-798a4d436d72,0,0,2,2.81
Everglades,Commander 2014,294,https://api.scryfall.com/cards/5f82ffe7-c5a2-453d-9820-3c576b6f263c,0,0,1,1.00
Evernight Shade,Commander 2014,144,https://api.scryfall.com/cards/96ab331f-41eb-40af-b02d-1df0c5760e85,0,0,1,0.10
Evolution Sage,War of the Spark,159,https://api.scryfall.com/cards/b4042db8-6032-49a2-bc96-ad15f55db6c3,0,0,2,2.18
Expansion // Explosion,Guilds of Ravnica,224,https://api.scryfall.com/cards/e0644c92-4d67-475e-8c8e-0e2c493682fb,0,0,1,0.33
Expressive Iteration,Strixhaven: School of Mages,186,https://api.scryfall.com/cards/31b770cc-09e7-4c0b-b2a4-462ab4f7200d,1,0,2,0.81
Expressive Iteration,Strixhaven: School of Mages,186,https://api.scryfall.com/cards/31b770cc-09e7-4c0b-b2a4-462ab4f7200d,0,0,2,0.54
Fabled Passage (Promo),Throne of Eldraine Promos,244s,https://api.scryfall.com/cards/5da290f7-0a2f-4aca-9ec9-0fb1b4014a66,1,0,1,7.38
Fabricate,Magic 2010,52,https://api.scryfall.com/cards/6f75d8c9-c15d-4474-9d3f-d35f49e46477,0,0,1,6.75
Fae of Wishes // Granted,Throne of Eldraine,44,https://api.scryfall.com/cards/e3435fd6-8f51-4d99-a278-4ddb088acfe1,1,0,1,0.34
Fatal Push,Aether Revolt,57,https://api.scryfall.com/cards/b5e81649-9954-424c-89d1-f87d73b66047,0,0,4,0.64
Fathom Feeder (Promo),Battle for Zendikar Promos,203s,https://api.scryfall.com/cards/89923289-0f62-444e-a781-d9948f32eedd,1,0,1,1.46
"Fblthp, the Lost (Promo)",War of the Spark Promos,50s,https://api.scryfall.com/cards/a048d5fc-bf79-4ef8-bf56-7e4752ee507f,1,0,1,0.59
Felidar Guardian,Aether Revolt,19,https://api.scryfall.com/cards/44bdbed8-5d21-4bf5-8a32-9623b1139c85,0,0,1,2.04
Fellwar Stone,Ninth Edition,297,https://api.scryfall.com/cards/5a8fd20a-d26e-417f-b1b7-e7257cc5b22b,0,0,1,2.54
Field of Ruin,Ixalan,254,https://api.scryfall.com/cards/d72afb21-7bb0-4fd8-a529-ada92a654f61,0,0,4,0.18
Fires of Invention,Throne of Eldraine,125,https://api.scryfall.com/cards/a12b16b0-f75f-42d8-9b24-947c1908e0f7,0,0,1,0.19
Fires of Invention (Promo),Throne of Eldraine Promos,125s,https://api.scryfall.com/cards/b939b0c9-794c-4190-84db-dac325dce8da,1,0,1,1.43
Flesh Carver,Commander 2014,22,https://api.scryfall.com/cards/cf0f88d9-681c-4152-bb45-628850717430,0,0,1,0.37
Flickerwisp,Archenemy: Nicol Bolas,9,https://api.scryfall.com/cards/6f84f0ae-ee67-490b-9424-60ee2acb4a12,0,0,1,0.32
Flickerwisp,Modern Masters 2017,6,https://api.scryfall.com/cards/dcfcf9a7-bad6-4240-8e43-a6a81fc4fbd0,0,0,3,0.25
Flickerwisp,Commander 2013,13,https://api.scryfall.com/cards/99f9b749-9a94-4c8a-b618-bd2834e4c199,0,0,1,0.25
Flooded Strand,Khans of Tarkir,233,https://api.scryfall.com/cards/8c2996d9-3287-4480-8c04-7a378e37e3cf,0,0,4,16.34
Flow of Knowledge (Promo),The Brothers' War,381,https://api.scryfall.com/cards/6de8324f-07ee-4dd1-9547-1a1cfb361ff5,0,0,1,0.47
Flowering of the White Tree (Extended Art),The Lord of the Rings: Tales of Middle-earth,348,https://api.scryfall.com/cards/5fe33c8a-ae61-44d2-a996-d99bb2ce89e6,0,0,1,8.07
Flusterstorm,Iconic Masters,55,https://api.scryfall.com/cards/f900eeb7-7c45-44bc-ad3a-0bbe594ecf50,0,0,1,8.74
Flusterstorm (Promo),Modern Horizons,255,https://api.scryfall.com/cards/46a00405-13ad-4531-9bfb-fea0ca57f196,0,0,1,8.67
Flux Channeler,War of the Spark,52,https://api.scryfall.com/cards/c6202e82-e159-482f-9224-292cb533171c,0,0,1,2.97
Force of Virtue,Modern Horizons,10,https://api.scryfall.com/cards/9736d6f4-5ff6-4006-b45d-8e630382d160,0,0,1,0.33
Forebear's Blade (Promo),Dominaria Promos,214p,https://api.scryfall.com/cards/628fe051-a7ec-444f-9741-ad0df7a89ebf,0,0,1,1.58
Forest (Full Art),Battle for Zendikar,273,https://api.scryfall.com/cards/3f7f206a-7b5e-4fd5-8c9e-d665ac3f7dea,1,0,1,1.72
Forest (Promo),MagicFest 2019,6,https://api.scryfall.com/cards/7704ed07-aae8-4796-931c-a071aee1e8a4,1,0,1,0.52
Forest (Promo),M20 Promo Packs,5,https://api.scryfall.com/cards/893b309d-5e8f-47fa-9f54-eaf16a5f96e3,1,0,1,1.11
Forest (Textless),Unstable,216,https://api.scryfall.com/cards/f8772631-d4a1-440d-ac89-ac6659bdc073,0,0,2,3.02
Freejam Regent (Promo),Aether Revolt Promos,81s,https://api.scryfall.com/cards/7b80ed31-1d70-40ab-9c0d-fc3e6f86a029,1,0,1,0.51
"Gadwick, the Wizened",Throne of Eldraine,48,https://api.scryfall.com/cards/62ddce0d-f22a-4fcd-9a4a-d71938750ba1,0,0,1,0.67
Geier Reach Bandit // Vildin-Pack Alpha (Promo),Shadows over Innistrad Promos,159s,https://api.scryfall.com/cards/d728141b-2bb8-4e18-bb28-971b6641cc05,1,0,1,1.26
Germ,Commander 2014 Tokens,14,https://api.scryfall.com/cards/eede5cf7-1c41-4523-ad27-9c232e1f2bb5,0,0,1,0.27
Ghost Quarter,Commander 2014,298,https://api.scryfall.com/cards/ccc1c460-64c5-47be-a633-439863baa6a1,0,0,2,0.58
Ghost Quarter,Commander 2015,285,https://api.scryfall.com/cards/5c7ee3eb-9e33-476c-a6ee-1fcfc18ea2db,0,0,1,0.61
Ghost Quarter,Innistrad,240,https://api.scryfall.com/cards/1c6456ed-0ffb-4d22-b252-5775076030ce,0,0,1,0.69
Ghostly Flicker,Modern Masters 2017,39,https://api.scryfall.com/cards/fccd7eda-5c10-4aa7-a70c-b52f685972e4,0,0,1,1.06
Ghoulcaller Gisa,Commander 2014,23,https://api.scryfall.com/cards/bbd9aba4-6db6-417b-8515-5617f0acdc9b,0,0,1,2.78
"Gideon, Ally of Zendikar",Battle for Zendikar,29,https://api.scryfall.com/cards/187e887c-c39d-4d25-a506-cdc95fc70316,0,0,1,2.37
Gisa and Geralf,Eldritch Moon,183,https://api.scryfall.com/cards/2e2c85d8-0bef-40d0-abaf-4555462c29c5,0,0,3,0.27
Giver of Runes,Modern Horizons,13,https://api.scryfall.com/cards/4e117771-5a8b-4812-b487-32ba34b7f724,0,0,4,9.79
Glacial Fortress,Ixalan,255,https://api.scryfall.com/cards/cef133d9-26d2-4a1e-8d6a-829f1067c169,0,0,1,0.66
Glistener Elf,New Phyrexia,111,https://api.scryfall.com/cards/8b94f4c6-b518-43b3-be52-e889d1f3ea38,0,0,1,0.62
Goat,Unstable Tokens,2,https://api.scryfall.com/cards/c4b44a88-85e8-4f82-8968-cf1352f0fb87,1,0,2,0.27
Goblin Bushwhacker,Zendikar,125,https://api.scryfall.com/cards/4085a5bf-a71b-4c73-9b39-0dcc328fe11b,0,0,1,1.87
Godless Shrine,Gatecrash,242,https://api.scryfall.com/cards/6fd672bb-18cf-44e3-8dda-5310b1e0fffe,0,0,4,7.78
Golem,Modern Masters 2017 Tokens,20,https://api.scryfall.com/cards/509be7b3-490d-4229-ba10-999921a6b977,0,0,2,0.13
Golem,New Phyrexia Tokens,3,https://api.scryfall.com/cards/fe9e8d3b-ebc0-448b-bd14-a9f418e196e7,0,0,2,0.12
"Gonti, Lord of Luxury",Kaladesh,84,https://api.scryfall.com/cards/7735ecda-9bb0-4ef9-86b2-16e5b6592e61,0,0,1,0.20
Grafdigger's Cage,Dark Ascension,149,https://api.scryfall.com/cards/2a6240e7-d3aa-40e9-a627-58e7bf62525c,0,0,3,2.26
Grand Arbiter Augustin IV,The List,MMA-176,https://api.scryfall.com/cards/c99bb21a-c346-440c-8c82-6e8c2de4b5f5,0,0,1,16.87
Grasp of Fate,The List,C15-3,https://api.scryfall.com/cards/95b1426a-da7d-436e-90fa-140089910b93,0,0,1,0.47
Grave Titan,Commander 2014,145,https://api.scryfall.com/cards/68ce4c64-9f82-4be1-aa3b-ba885b2d4307,0,0,1,1.40
Gray Merchant of Asphodel,Commander 2014,146,https://api.scryfall.com/cards/430fcd3e-a70a-4554-9c48-1a1b11d0a95c,0,0,1,0.95
Gray Merchant of Asphodel,Theros,89,https://api.scryfall.com/cards/b06078ce-f534-4e16-9a70-d51620a33eb2,0,0,2,0.73
Griselbrand (Promo),Grand Prix Promos,2015,https://api.scryfall.com/cards/1ab640f0-72cf-4659-98fd-20d0bb787e40,1,0,1,8.10
Gruul Signet,Modern Masters 2017,222,https://api.scryfall.com/cards/4c688f52-60ba-4acb-ba0e-40691c5b736c,0,0,2,0.45
Gut Shot,Modern Masters 2015,117,https://api.scryfall.com/cards/461987da-8860-4a04-8f93-d182523ca311,0,0,2,3.92
Hallowed Fountain,Return to Ravnica,241,https://api.scryfall.com/cards/af7091c9-5f98-4078-a42b-c9e057346d9b,0,0,4,11.06
Haunted Crossroads,Mercadian Masques,138,https://api.scryfall.com/cards/3c065cae-1ed5-445e-ace3-e81cf4c773de,0,0,1,3.80
Heart of Kiran,Aether Revolt,153,https://api.scryfall.com/cards/5e847c44-1849-4251-9075-88ed5c7792a6,0,0,1,0.24
Hengegate Pathway // Mistgate Pathway (Full Art),Kaldheim,293,https://api.scryfall.com/cards/b851c41b-ed73-4ee4-9063-544f97f35f67,0,0,1,5.11
Herald of Anafenza,Khans of Tarkir,12,https://api.scryfall.com/cards/e8bf6ed4-48f3-419f-bafd-d1ee4d798482,0,0,1,0.11
Heron's Grace Champion (Promo),Eldritch Moon Promos,185s,https://api.scryfall.com/cards/e4b86c55-31e6-4d21-a8a5-13e938dcfecb,1,0,2,0.40
Hidden Dragonslayer (Promo),Dragons of Tarkir Promos,23s,https://api.scryfall.com/cards/4124da5c-b20b-42f3-b273-8c0a03003f53,1,0,1,0.44
High Sentinels of Arashin,Khans of Tarkir,13,https://api.scryfall.com/cards/db5f4bab-f918-4b42-b82c-cfcf5ff0c58a,0,0,1,0.15
Honden of Night's Reach,Eternal Masters,91,https://api.scryfall.com/cards/135b6adb-5c9c-4852-8c2a-c6f6d9bf96b1,1,0,1,7.43
Horizon Canopy,Future Sight,177,https://api.scryfall.com/cards/d5dfc25d-a17b-4ead-9484-e8a18b8fa176,0,0,2,5.35
Hornet Queen,Magic 2015,178,https://api.scryfall.com/cards/494f761a-dbc4-4cfa-a258-e4de46bb825e,0,0,3,0.20
Horror,Commander 2014 Tokens,15,https://api.scryfall.com/cards/fadae5ee-1973-4905-8b37-69e826523905,0,0,2,0.49
"Huatli, the Sun's Heart (Promo)",War of the Spark Promos,230s,https://api.scryfall.com/cards/6e41af45-34f4-41dc-b847-bc0511034bbc,1,0,1,0.73
Hydroblast,Eternal Masters,55,https://api.scryfall.com/cards/4c9c9b16-5567-4473-95e6-622292f77336,0,0,1,4.62
Ice-Fang Coatl,Modern Horizons,203,https://api.scryfall.com/cards/6a55cfed-e76c-4ade-ac78-a546e05fe8da,0,0,1,1.43
Idyllic Grange,Throne of Eldraine,246,https://api.scryfall.com/cards/ca2c611c-3a6f-44b0-9daa-837a465845e0,0,0,3,0.25
Illusionist's Bracers (Retro Frame),Ravnica Remastered,392,https://api.scryfall.com/cards/f5a08d47-fe06-4040-89f9-27dccad7c275,0,0,1,2.99
Impact Tremors,Dragons of Tarkir,140,https://api.scryfall.com/cards/56fb4035-197b-4d28-9bf7-bb62c304067e,0,0,5,3.54
Imperial Recruiter,Modern Horizons 2,281,https://api.scryfall.com/cards/05bd329b-5707-42fc-af1c-084cc604e805,0,0,3,12.47
Infernal Grasp (Promo),Innistrad: Midnight Hunt,389,https://api.scryfall.com/cards/0655bae1-d33b-4bac-856a-ca4518f192e8,0,0,1,1.43
Infernal Offering,Commander 2014,24,https://api.scryfall.com/cards/86e47496-5578-42a7-bddb-16d583c0c51c,0,0,1,0.22
Inkmoth Nexus,Mirrodin Besieged,145,https://api.scryfall.com/cards/ec50c1c3-885e-47d3-ada7-cc0edbf09df1,0,0,1,12.49
Inquisition of Kozilek,Modern Event Deck 2014,4,https://api.scryfall.com/cards/5c1d4835-c662-4deb-b8f9-cd7b04948edf,0,0,2,0.54
Inquisition of Kozilek,Rise of the Eldrazi,115,https://api.scryfall.com/cards/6a3ff5c3-0fdb-4d54-b4e5-ce7bad9953f0,0,0,2,0.50
Inspirational Antelope,Mystery Booster Playtest Cards 2019,78,https://api.scryfall.com/cards/deeb35e1-6b46-4300-a802-776abed381db,0,0,1,0.30
Inspiring Vantage,Kaladesh,246,https://api.scryfall.com/cards/160ac412-005f-48ca-a204-10207307c6c2,0,0,1,2.72
Invasive Surgery,Shadows over Innistrad,68,https://api.scryfall.com/cards/6e644e38-39bf-40bd-9be1-5eb80f472e81,1,0,1,0.24
Inventors' Fair,Kaladesh,247,https://api.scryfall.com/cards/275471e3-ded1-40ac-91ef-369dce5764d9,0,0,1,11.64
Invoke Despair,Kamigawa: Neon Dynasty,101,https://api.scryfall.com/cards/35af9d5c-4449-4549-b549-c3ba4a67dee0,1,0,1,0.27
Invoke the Winds,Kamigawa: Neon Dynasty,58,https://api.scryfall.com/cards/ad7b423a-bfd1-47aa-bd2c-64a169b96924,0,0,1,0.17
Irrigated Farmland,Amonkhet,245,https://api.scryfall.com/cards/4d87fcc0-cef5-4410-adf1-91c5f50c1d01,0,0,1,0.18
Island (Full Art),The Lord of the Rings: Tales of Middle-earth,274,https://api.scryfall.com/cards/eba0c7c5-ed63-41a5-93e1-a979a6f983b9,1,0,1,1.30
Island (Full Art),Theros Beyond Death,251,https://api.scryfall.com/cards/acf7b664-3e75-4018-81f6-2a14ab59f258,0,0,2,1.24
Island (Full Art),Kamigawa: Neon Dynasty,296,https://api.scryfall.com/cards/7132999f-6e2d-4689-8131-7b12076a348d,0,0,1,2.83
Island (Promo),MagicFest 2019,3,https://api.scryfall.com/cards/87f59c8b-6637-44a2-851e-0618c17d285f,1,0,1,0.45
Island (Textless),Unstable,213,https://api.scryfall.com/cards/105b2118-b22c-4ef5-bac7-836db4b8b9ee,0,0,2,3.99
Ivorytusk Fortress,Khans of Tarkir,179,https://api.scryfall.com/cards/75a8df73-0141-4c07-87d8-b1f34a4b374b,0,0,1,0.20
"Jace, Wielder of Mysteries",War of the Spark,54,https://api.scryfall.com/cards/6adb7d73-4482-4930-8497-cffd169b57e2,0,0,1,6.89
"Jegantha, the Wellspring (Extended Art)",Ikoria: Lair of Behemoths,352,https://api.scryfall.com/cards/d5592378-f9e7-4c50-8425-2105744aa85c,0,0,1,1.15
Jet Medallion,Commander 2014,243,https://api.scryfall.com/cards/7f85698a-821f-452d-9e31-e525c0100f2d,0,0,1,10.12
"Junji, the Midnight Sky",Kamigawa: Neon Dynasty,102,https://api.scryfall.com/cards/9033cf27-d9e6-49b8-8ee1-c1f38c9680b9,0,0,1,0.79
Kaito Shizuki (Full Art),Kamigawa: Neon Dynasty,305,https://api.scryfall.com/cards/e106e4cc-f3fc-41bf-ab1c-4ae7c1a0521c,0,0,2,4.29
Kaldra Compleat,Modern Horizons 2,227,https://api.scryfall.com/cards/87cc2855-6b14-44dd-a398-7dc2bbae081f,0,0,1,6.73
Karakas,Ultimate Masters,244,https://api.scryfall.com/cards/e52214e1-404a-405a-b08e-20e13c087338,0,0,4,13.59
"Karn, the Great Creator",War of the Spark,1,https://api.scryfall.com/cards/3ec0c0fb-1a4f-45f4-85b7-346a6d3ce2c5,0,0,3,2.69
Karplusan Forest,Dominaria United,250,https://api.scryfall.com/cards/b89b2c79-e3d3-4ef9-bfc8-f9c090975011,0,0,1,0.68
Karplusan Forest (Full Art),Dominaria United,379,https://api.scryfall.com/cards/2a83eca4-b6ad-4ec4-91f2-b2a62b32b056,1,0,1,3.78
"Kataki, War's Wage",Modern Masters,20,https://api.scryfall.com/cards/4d84ac44-01d8-415e-af69-7c608ac8ae20,0,0,1,1.18
"Kataki, War's Wage",Modern Event Deck 2014,24,https://api.scryfall.com/cards/9057835d-3d5c-4daf-af96-3b6ea749b12e,0,0,1,1.23
Kaya's Guile,Modern Horizons,205,https://api.scryfall.com/cards/179bd74b-c458-49d6-90ac-6075454e43dd,0,0,1,1.27
King Darien XLVIII,Dominaria United,204,https://api.scryfall.com/cards/10eca3b1-f35a-4984-bfc0-818e619b1ece,0,0,1,0.46
Knight Ally,Battle for Zendikar Tokens,5,https://api.scryfall.com/cards/0419a202-6e32-4f0a-a032-72f6c00cae5e,0,0,4,0.07
Knight of Autumn,Guilds of Ravnica,183,https://api.scryfall.com/cards/3028075c-5fc5-4942-a984-1ffcf7a8933d,0,0,4,0.48
Knight of the Ebon Legion,Core Set 2020,105,https://api.scryfall.com/cards/29425426-7bf2-4872-aa35-c12c22801edd,0,0,1,2.33
Kodama of the West Tree,Kamigawa: Neon Dynasty,199,https://api.scryfall.com/cards/ef1e1dff-b559-441d-8df3-b6a418066aca,0,0,1,20.38
Kodama's Reach,Ultimate Masters,171,https://api.scryfall.com/cards/102d20e6-5179-44b7-9abd-f1defc15ca6a,0,0,2,1.81
Kodama's Reach,Commander 2015,188,https://api.scryfall.com/cards/f6dbe4e4-953b-4d7d-86f5-c5813dcbd23a,0,0,1,1.58
Kolaghan's Command,Dragons of Tarkir,224,https://api.scryfall.com/cards/7c884e1e-fecb-4330-b3de-5fc2a60f7173,0,0,2,0.67
Kor Firewalker,Masters 25,21,https://api.scryfall.com/cards/8dcd4a52-0c8f-4fca-b7dc-c2503794e5a4,0,0,1,0.14
Kor Firewalker,Worldwake,11,https://api.scryfall.com/cards/bc3b88ad-9d65-4873-8527-8f420570aad3,0,0,2,0.14
"Kroxa, Titan of Death's Hunger",Theros Beyond Death,221,https://api.scryfall.com/cards/cee0459b-9aac-4d2f-abe4-4d5fedde7eb8,1,0,1,2.58
"Kroxa, Titan of Death's Hunger (Extended Art)",Theros Beyond Death,340,https://api.scryfall.com/cards/050ff430-2ad8-46d0-bfdc-cc7323b87101,0,0,1,4.45
Lashwrithe,Commander 2014,245,https://api.scryfall.com/cards/de21d433-5c2c-49c0-80d1-bf6e8471f9d4,0,0,1,0.76
Ledger Shredder,Streets of New Capenna,46,https://api.scryfall.com/cards/7ea4b5bc-18a4-45db-a56a-ab3f8bd2fb0d,0,0,3,6.94
Ledger Shredder (Extended Art),Streets of New Capenna,412,https://api.scryfall.com/cards/31b1bf08-aba1-4197-8afe-05c1fc783307,0,0,1,7.24
Legion's End,Core Set 2020,106,https://api.scryfall.com/cards/49a1cd92-9d75-4e22-a934-a26d84967015,0,0,1,0.16
Legion's End,Core Set 2020,106,https://api.scryfall.com/cards/49a1cd92-9d75-4e22-a934-a26d84967015,1,0,1,0.45
Legions to Ashes (Promo),The Brothers' War Promos,215p,https://api.scryfall.com/cards/e9ef0326-b78b-47b2-9215-4316e4f86dab,0,0,1,0.28
Lembas,The Lord of the Rings: Tales of Middle-earth,243,https://api.scryfall.com/cards/3b46aacf-b31a-4380-9e4b-82795fbaba3b,1,0,1,1.63
Leonin Arbiter,Scars of Mirrodin,14,https://api.scryfall.com/cards/4b0453cd-62ab-41ba-8d9c-9d6d25dc9a56,0,0,3,0.50
Leonin Arbiter,Commander 2017,64,https://api.scryfall.com/cards/85431851-36c6-4515-8000-d0b9a268b4c9,0,0,1,0.48
Leonin Lightscribe (Promo),Strixhaven: School of Mages Promos,20p,https://api.scryfall.com/cards/690beef8-a20f-450a-924e-973f9810f84f,1,0,1,0.40
Lightning Bolt,Magic 2010,146,https://api.scryfall.com/cards/435589bb-27c6-4a6d-9d63-394d5092b9d8,0,0,4,1.73
Lightning Greaves,Commander 2017,215,https://api.scryfall.com/cards/ccff131c-2a66-4ebf-97f1-774c9f41b222,0,0,1,4.67
Liliana of the Veil,Innistrad,105,https://api.scryfall.com/cards/ac506c17-adc8-49c6-9d8d-43db7cb1ec9d,0,0,3,9.53
Liliana's Reaver,Commander 2014,147,https://api.scryfall.com/cards/d3c5a91e-cd04-4d3e-a83d-07e55bfaebfc,0,0,1,0.42
Lion Sash (Extended Art),Kamigawa: Neon Dynasty,440,https://api.scryfall.com/cards/84f8ce4c-c6fc-408c-a216-33374bbfb08d,1,0,1,2.64
Lithoform Engine,Zendikar Rising,245,https://api.scryfall.com/cards/6683416a-5820-4cd0-b28a-60a53239e9ef,0,0,1,5.96
Llanowar Greenwidow,Dominaria United,169,https://api.scryfall.com/cards/81f90e4d-f60f-4175-830f-c2ce04c5a945,0,0,1,0.21
Loran of the Third Path,The Brothers' War,12,https://api.scryfall.com/cards/59faa45d-868b-4bc7-934c-0e077642e129,0,0,1,2.79
"Lotho, Corrupt Shirriff (Extended Art)",The Lord of the Rings: Tales of Middle-earth,370,https://api.scryfall.com/cards/69d97af0-8af0-4124-b56f-2633d34e5574,0,0,1,10.88
Lucky Offering,Kamigawa: Neon Dynasty,27,https://api.scryfall.com/cards/24bbdeb0-9165-4874-a853-d19c20c250ef,0,0,2,0.07
Lumbering Battlement,Ravnica Allegiance,15,https://api.scryfall.com/cards/2469bc93-57ca-4077-bda2-160b4160adad,0,0,1,0.24
Lumengrid Warden,Ninth Edition,84,https://api.scryfall.com/cards/a7b0a060-8ab4-41d9-921d-db5a67fbfaa1,0,0,1,0.10
Magmaw,Duel Decks: Zendikar vs. Eldrazi,62,https://api.scryfall.com/cards/3f170d96-5070-41ed-abf3-e3bddceb9d0e,0,0,1,0.11
Magus of the Coffers,Commander 2014,148,https://api.scryfall.com/cards/962a16bb-516c-4e74-b8dd-edd4c63c5fff,0,0,1,4.50
Malicious Affliction,Commander 2014,25,https://api.scryfall.com/cards/d6ea704f-a06c-4d3b-80a3-d23f739c74aa,0,0,1,1.90
Mana Drain,Commander Legends,80,https://api.scryfall.com/cards/ba874c0c-f66f-4edc-9859-40273487aef0,0,0,1,47.43
Mana Vault,Fourth Edition,334,https://api.scryfall.com/cards/3be9942c-89b3-422f-bb9d-b55f51a22a37,0,0,1,77.90
Mangara of Corondor,Time Spiral,28,https://api.scryfall.com/cards/a785b66c-c5a4-4520-a9fa-aa199f7f56e5,0,0,1,0.35
Man-o'-War,Eternal Masters,59,https://api.scryfall.com/cards/2b484714-e1bc-4acb-a925-ac5e80dc8f04,1,0,1,0.27
March of Otherworldly Light (Extended Art),Kamigawa: Neon Dynasty,441,https://api.scryfall.com/cards/2bbf453c-bded-4d39-bebf-fd240ec44287,0,0,1,1.56
March of Otherworldly Light (Showcase),Kamigawa: Neon Dynasty,369,https://api.scryfall.com/cards/a400cd7d-b004-4310-9787-bbec0fe36fd8,0,0,2,1.36
Marsh Flats,Zendikar,219,https://api.scryfall.com/cards/45026d57-0324-4312-8b86-2e7d4f581ee9,0,0,4,27.34
Mask of Griselbrand (Promo),Innistrad: Midnight Hunt Promos,111p,https://api.scryfall.com/cards/19bbdbd6-0d4e-4657-946d-6bfb0c9fc70a,1,0,1,1.20
Mausoleum Secrets,Guilds of Ravnica,75,https://api.scryfall.com/cards/26f7cf38-78cc-4139-9f2a-4dd0be7d9da8,1,0,1,2.15
"Melira, Sylvok Outcast",New Phyrexia,115,https://api.scryfall.com/cards/e83851a1-e4e8-49ec-af5c-4efe86fa51ad,0,0,2,10.57
Memnite,Scars of Mirrodin,174,https://api.scryfall.com/cards/469cc4e0-49c0-4009-97ea-28e44addec69,0,0,3,1.72
Meteor Golem,Core Set 2019,241,https://api.scryfall.com/cards/1bdb0b15-d651-4730-8be9-d0e01145311b,0,0,1,0.11
Midnight Reaper,Guilds of Ravnica,77,https://api.scryfall.com/cards/5e122fe0-51c5-404d-a7b9-3d161a426c35,0,0,4,0.39
Minas Tirith,The Lord of the Rings: Tales of Middle-earth,256,https://api.scryfall.com/cards/b38b6760-616f-4b11-8ce7-ac1223c7fd53,0,0,1,4.98
Mind Stone,Commander 2014,250,https://api.scryfall.com/cards/b793a8e9-5870-4190-a204-c241b0e67f97,0,0,1,0.30
Mirran Crusader,Mirrodin Besieged,14,https://api.scryfall.com/cards/aaf7a821-3587-4aad-8411-fca5c96ab5c4,0,0,3,0.40
Misery's Shadow (Promo),The Brothers' War Promos,107p,https://api.scryfall.com/cards/5774064b-c0c9-4420-8e41-f76d5e2ff574,1,0,1,1.23
Mishra's Bauble,The List,IMA-221,https://api.scryfall.com/cards/2b8877c3-1f04-4452-9f2c-98fb8dc71e5f,0,0,2,2.13
Mishra's Bauble,Double Masters,274,https://api.scryfall.com/cards/45bbbf9b-8fee-4c32-a513-02dac6ac8a39,0,0,2,1.72
Mishra's Factory,Masters 25,242,https://api.scryfall.com/cards/245cdc59-d560-4c10-b721-f51cc312e370,0,0,4,0.15
Mistmeadow Witch,Shadowmoor,144,https://api.scryfall.com/cards/7e776fe0-6574-4fca-91bd-eb6e7383e5be,0,0,1,0.16
Misty Rainforest,Modern Masters 2017,240,https://api.scryfall.com/cards/c5cd0d88-53b5-4560-bce0-910b3b7be946,0,0,4,27.43
Momentary Blink,Modern Masters 2017,16,https://api.scryfall.com/cards/4206d5f8-edeb-4e0b-8e98-736f6ccdcf99,0,0,1,0.14
Monastery Swiftspear,Iconic Masters,140,https://api.scryfall.com/cards/58db2f81-6ff5-402c-8aef-0b667e82cdc4,0,0,2,0.35
Moonfolk Puzzlemaker,Kamigawa: Neon Dynasty,68,https://api.scryfall.com/cards/c9fa6d4c-78dc-4b40-9ce8-a0e593d4001f,0,0,1,0.05
Morkrut Banshee,Commander 2014,149,https://api.scryfall.com/cards/d951be27-d0ad-42ff-9a20-d41a32500da5,0,0,1,0.05
Mother of Runes,Urza's Legacy,14,https://api.scryfall.com/cards/0b1a46ab-95cb-4c24-924f-fc2afd4fcac7,0,0,3,7.81
Mother of Runes,Eternal Masters,22,https://api.scryfall.com/cards/fdf2354e-1232-452e-b89b-78ac8be206f7,0,0,1,9.01
Mountain (Full Art),Kamigawa: Neon Dynasty,300,https://api.scryfall.com/cards/7d75969d-c932-4b4e-8135-61968228bc32,0,0,6,1.86
Mountain (Full Art),The Lord of the Rings: Tales of Middle-earth,279,https://api.scryfall.com/cards/af1b83d9-078b-44dc-a118-4659201f4854,1,0,1,0.46
Muddle the Mixture,Ravnica: City of Guilds,60,https://api.scryfall.com/cards/4cc785b0-0a77-4b02-b0b4-2bda2fc621cc,0,0,1,2.30
Mukotai Soulripper,Kamigawa: Neon Dynasty,113,https://api.scryfall.com/cards/166775be-c3b7-4a17-9376-aa4229b147f9,1,0,1,0.20
Mulldrifter,Commander 2011,52,https://api.scryfall.com/cards/d8e4b31d-2efa-4c5c-a84b-6aac3ec475f6,0,0,1,0.32
Murmuring Mystic,Guilds of Ravnica,45,https://api.scryfall.com/cards/5fc6adff-dcb3-456d-a8c2-0e77b784ff89,0,0,1,0.30
Mutagenic Growth,New Phyrexia,116,https://api.scryfall.com/cards/af2d23da-70a1-49ba-91bf-c110cc4bbedc,0,0,4,1.12
Mutavault,Magic 2014,228,https://api.scryfall.com/cards/927ed667-c228-4b96-a9f6-7cbadade8134,0,0,1,4.52
Mutavault (Promo),Grand Prix Promos,2018,https://api.scryfall.com/cards/bed54db2-20a8-400e-acd8-16d4e5d7c307,1,0,1,4.40
Mutilate,Commander 2014,150,https://api.scryfall.com/cards/38d662a5-8ae1-42b6-8086-b7615e58da08,0,0,1,1.32
Myriad Landscape,Commander 2014,61,https://api.scryfall.com/cards/8aef73ec-5c98-4ac5-82a7-8e838cd36562,0,0,1,0.32
Mystic Remora,Ice Age,87,https://api.scryfall.com/cards/58e93dff-b774-4765-b7bd-d3957e42ff4a,0,0,1,8.76
Mystic Sanctuary,Throne of Eldraine,247,https://api.scryfall.com/cards/170e792c-80d5-4775-ad95-37614574ab84,0,0,1,1.49
Mystic Snake,Modern Masters 2015,180,https://api.scryfall.com/cards/38810fe4-dc72-439e-adf7-362af772b8f8,0,0,1,0.61
Mystical Dispute,Throne of Eldraine,58,https://api.scryfall.com/cards/fbe04cb8-a8b9-4241-baae-b398a2509a3a,0,0,2,0.57
Mystical Tutor,Eternal Masters,62,https://api.scryfall.com/cards/9264ecb7-bfc0-495d-aaaa-829045ea858f,0,0,1,17.24
Nantuko Shade,Commander 2014,151,https://api.scryfall.com/cards/8032dd8b-bd4f-4d44-8d7a-daac5497c8e8,0,0,1,0.18
Necromantic Selection,Commander 2014,26,https://api.scryfall.com/cards/9462680e-b83d-44cc-a7a6-505fbc69ab41,0,0,1,0.35
Needleverge Pathway // Pillarverge Pathway,Zendikar Rising,263,https://api.scryfall.com/cards/6559047e-6ede-4815-a3a0-389062094f9d,0,0,2,2.73
Needleverge Pathway // Pillarverge Pathway (Full Art),Zendikar Rising,288,https://api.scryfall.com/cards/ae420b3f-2f5b-4a4a-8d3a-8e6a3288c35a,1,0,1,4.59
Nekrataal,Commander 2014,152,https://api.scryfall.com/cards/106417fa-ebb7-4821-90a5-37a5e30835fb,0,0,1,0.28
"Nemata, Primeval Warden",Dominaria United,209,https://api.scryfall.com/cards/adcd556d-351f-4faf-9456-0e47def69a69,0,0,1,1.18
Nephalia Drownyard,Innistrad,245,https://api.scryfall.com/cards/ef058312-6926-49f8-ae72-a8d60fedbf6c,0,0,1,0.37
Nettlecyst,Modern Horizons 2,231,https://api.scryfall.com/cards/4a0bb5dc-75a6-4bd6-81f8-611197fb0fba,0,0,1,2.79
"Nezahal, Primal Tide (Promo)",Rivals of Ixalan Promos,45p,https://api.scryfall.com/cards/3effc85e-14e0-42b5-b730-f1594968ee06,0,0,1,11.90
Nihil Spellbomb,Scars of Mirrodin,187,https://api.scryfall.com/cards/603d217b-6375-46fc-992a-8dbd779da1e5,0,0,2,1.56
Nihil Spellbomb,Masters 25,226,https://api.scryfall.com/cards/e5892a23-efae-4731-9b8f-41c87960fe93,0,0,2,1.64
Nimbus Maze,Iconic Masters,242,https://api.scryfall.com/cards/4152c6a1-7c78-483e-b13f-cb43a6bd4001,0,0,1,6.54
"Nykthos, Shrine to Nyx",Theros,223,https://api.scryfall.com/cards/834b27a0-dfd7-4f96-8cde-cacac4b24acc,0,0,1,43.60
Ob Nixilis of the Black Oath,Commander 2014,27,https://api.scryfall.com/cards/bf472be9-f375-455e-a800-7af5258f4e59,0,0,1,1.29
Ob Nixilis of the Black Oath Emblem,Commander 2014 Tokens,35,https://api.scryfall.com/cards/4c29f6a1-42a5-433f-9c09-c160b096f8e1,0,0,1,0.52
"Obzedat, Ghost Council",Modern Masters 2017,176,https://api.scryfall.com/cards/4029c3a0-a999-453a-a838-7adb81e481ee,0,0,1,0.91
Omen of the Sea,Theros Beyond Death,58,https://api.scryfall.com/cards/a5f30ecd-d009-4d44-aef4-c926ed55a521,0,0,1,0.12
Omenspeaker,Commander Legends,83,https://api.scryfall.com/cards/1b635abe-ad7e-44b8-b3fe-6e365db87c29,0,0,1,0.03
Once Upon a Time,Throne of Eldraine,169,https://api.scryfall.com/cards/4034e5ba-9974-43e3-bde7-8d9b4586c3a4,0,0,4,1.51
Opt,Ixalan,65,https://api.scryfall.com/cards/66c3aa9f-5cb0-4c8d-a050-42938398071b,0,0,4,0.16
Orator of Ojutai (Promo),Friday Night Magic 2015,9,https://api.scryfall.com/cards/c9eb6441-c463-4b1e-a084-063f4a1301fe,1,0,1,0.40
Orc Army,Tales of Middle-earth Tokens,6,https://api.scryfall.com/cards/db598f33-2ff9-4e0b-a067-05fecc03435f,1,0,1,
Orcish Bowmasters (Full Art),The Lord of the Rings: Tales of Middle-earth,433,https://api.scryfall.com/cards/de2de055-5246-408b-80fe-cd01688c145e,1,0,1,46.67
Ornithopter,Aether Revolt,167,https://api.scryfall.com/cards/ddb96645-44d2-426c-90cb-3186297a8728,0,0,4,0.36
Orzhov Pontiff,Guildpact,124,https://api.scryfall.com/cards/f2b5813b-955b-469a-b287-65325c589b59,0,0,1,0.33
"Otawara, Soaring City",Kamigawa: Neon Dynasty,271,https://api.scryfall.com/cards/486d7edc-d983-41f0-8b78-c99aecd72996,0,0,1,20.88
Overgrown Tomb,Return to Ravnica,243,https://api.scryfall.com/cards/1c7d50d6-b63a-4d8c-88fa-1d78ae693a45,0,0,4,11.63
Overseer of the Damned,Commander 2014,28,https://api.scryfall.com/cards/d1a73408-27b3-45d8-9153-ca964d99fe80,0,0,1,0.34
Pack Rat,Return to Ravnica,73,https://api.scryfall.com/cards/170693f5-13db-4191-99b1-e527ffb5b88e,0,0,1,2.95
Pact of Negation,Time Spiral Remastered,77,https://api.scryfall.com/cards/1ed4c0bb-b710-44a1-b8bc-6bd11c27b8b8,0,0,1,16.68
Palace Jailer,Conspiracy: Take the Crown,18,https://api.scryfall.com/cards/78cef262-c753-4658-b3ec-fec8db47f944,0,0,2,0.25
Panharmonicon,Kaladesh,226,https://api.scryfall.com/cards/15856326-d943-476a-9d31-898b9f990bb6,0,0,1,4.28
Path to Exile,Modern Event Deck 2014,3,https://api.scryfall.com/cards/045ce37b-86d2-4e56-84af-b6625b53d13c,0,0,2,1.50
Path to Exile (Promo),Friday Night Magic 2015,7,https://api.scryfall.com/cards/ccd50bd0-95a3-4480-8afb-ada8c4e806c9,1,0,2,1.83
Peregrine Drake,Eternal Masters,64,https://api.scryfall.com/cards/2d0e3b84-31ea-4ff2-8028-1e983fad22d4,0,0,1,1.06
Perplexing Chimera,Born of the Gods,48,https://api.scryfall.com/cards/f9cff40b-9cae-47d0-8df4-c287a17a33e4,0,0,1,2.75
Pestilence Demon,Commander 2014,153,https://api.scryfall.com/cards/63b5db50-219f-4a87-a208-2d45a4a76a2d,0,0,1,0.57
"Pharika, God of Affliction",Journey into Nyx,154,https://api.scryfall.com/cards/75ec8548-5790-4eac-8780-cdd126438192,0,0,1,2.00
"Phelia, Exuberant Shepherd",Modern Horizons 3,40,https://api.scryfall.com/cards/55707746-da6e-46e5-a5ca-7ac843fdc38e,0,0,3,5.58
Phyrexian Gargantua,Commander 2014,154,https://api.scryfall.com/cards/f09ea203-ad9a-4376-b3c5-700da26292d0,0,0,1,0.12
Phyrexian Metamorph,New Phyrexia,42,https://api.scryfall.com/cards/d2e27911-87cb-49a0-a34f-6afe4bddd592,0,0,1,3.94
Phyrexian Revoker,Mirrodin Besieged,122,https://api.scryfall.com/cards/7c7bec21-61b0-4e72-848b-82f38e1910e0,0,0,2,0.30
Phyrexian Revoker,Magic 2015,225,https://api.scryfall.com/cards/92ede7b6-ee03-4b4f-bc59-1759b02bd5d5,0,0,2,0.21
Pirate // Treasure (Promo),Friday Night Magic 2017,12,https://api.scryfall.com/cards/46bf5e2b-869f-480e-ac37-1bdb40a92f8c,1,0,3,0.74
Pithing Needle,Return to Ravnica,231,https://api.scryfall.com/cards/786c1e91-9d75-46a3-9e0d-56d29fcb01a7,0,0,3,0.38
Pithing Spyglass,Mystery Booster Playtest Cards 2019,108,https://api.scryfall.com/cards/702b315e-ab21-462d-b09a-1d3a2d1741fd,0,0,1,1.01
Plague Engineer,Modern Horizons,100,https://api.scryfall.com/cards/8f32b0e9-5eb2-4b26-8c06-5d4561f0295d,0,0,1,0.41
Plains,Shards of Alara,233,https://api.scryfall.com/cards/20aec487-ac03-4912-969b-f537864902ce,0,0,1,0.69
Plains (Full Art),The Lord of the Rings: Tales of Middle-earth,272,https://api.scryfall.com/cards/4ff9fbf5-de6f-4ef9-a6ab-56da4b341b77,1,0,1,0.45
Plains (Full Art),Kamigawa: Neon Dynasty,294,https://api.scryfall.com/cards/7a76d8ee-28fc-49ac-951c-a4d29822f91e,0,0,6,1.62
Plains (Full Art),Kamigawa: Neon Dynasty,294,https://api.scryfall.com/cards/7a76d8ee-28fc-49ac-951c-a4d29822f91e,1,0,1,2.13
Plains (Full Art),Kamigawa: Neon Dynasty,293,https://api.scryfall.com/cards/ca8fb179-7e81-4b20-8b81-ea1aa97afe58,1,0,2,3.13
Plains (Promo),MagicFest 2019,2,https://api.scryfall.com/cards/2ed1ebd7-d493-4fdb-8592-6811245b5141,1,0,1,0.49
Plains (Textless),Unstable,212,https://api.scryfall.com/cards/7a2c8b8e-2e28-4f10-b04f-9b313c60c0bb,0,0,16,1.79
Planar Bridge (Promo),Aether Revolt Promos,171s,https://api.scryfall.com/cards/a7ef2b20-5e7c-4a0e-a885-9ba76d8b41dc,1,0,1,4.19
Planar Incision,Kamigawa: Neon Dynasty,72,https://api.scryfall.com/cards/9163cb04-ee28-4127-b53a-89c546996d7d,0,0,1,0.22
Plaza of Heroes,Dominaria United,252,https://api.scryfall.com/cards/a2cfcf67-f83c-43af-9e2d-5513fcdde835,0,0,1,7.35
Polluted Delta,Khans of Tarkir,239,https://api.scryfall.com/cards/ff2f5f58-9a95-4ca6-93a0-813738f0072f,0,0,5,16.51
Polluted Mire,Commander 2014,307,https://api.scryfall.com/cards/10fff871-10e8-4892-98aa-0f66eb2fb86c,0,0,1,0.23
Ponder,Magic 2012,73,https://api.scryfall.com/cards/81c908ee-e70a-4406-a32d-ab5ab17e67b1,0,0,1,1.33
Pontiff of Blight,Commander 2014,155,https://api.scryfall.com/cards/ae506c52-918e-4740-a8c6-ffb36d75de06,0,0,1,0.35
Prairie Stream,Battle for Zendikar,241,https://api.scryfall.com/cards/9625911f-1dd3-4044-ac06-3c0c3198b6fd,0,0,1,0.31
Preordain,Commander Legends,84,https://api.scryfall.com/cards/1453f92e-df2d-4789-aa1b-a5b5c51567d4,0,0,1,0.54
Price of Progress,Eternal Masters,141,https://api.scryfall.com/cards/b1342144-7a15-438b-a848-3196238a79e8,0,0,1,6.71
Priest of Forgotten Gods,Ravnica Allegiance,83,https://api.scryfall.com/cards/e3378fe8-3355-48aa-90d4-9cb739200160,0,0,1,2.11
Primeval Titan,Magic 2012,188,https://api.scryfall.com/cards/fd6ddbca-b943-49d6-b341-509bb72dd5a6,0,0,1,9.76
Prismatic Ending,Modern Horizons 2,25,https://api.scryfall.com/cards/825969b9-3c70-4fca-8cab-696e9ca7cdb2,0,0,3,0.44
Prismatic Ending (Retro Frame),Modern Horizons 2,384,https://api.scryfall.com/cards/4eaa24a9-eece-4067-b7e2-6bc8993cea5a,0,0,2,0.37
Prismatic Lens,Eternal Masters,230,https://api.scryfall.com/cards/19786221-ff63-48be-98cb-82360ca12634,1,0,1,0.65
Prismatic Vista,Modern Horizons,244,https://api.scryfall.com/cards/e37da81e-be12-45a2-9128-376f1ad7b3e8,0,0,4,31.50
Pristine Angel,Commander 2019,70,https://api.scryfall.com/cards/2fbd3a6b-831d-4876-9f84-861cab788747,0,0,1,0.26
Prodigal Sorcerer,Eternal Masters,67,https://api.scryfall.com/cards/50aef269-55f9-4d84-8bc5-29e794297f11,0,0,1,0.19
Profane Command,Commander 2014,156,https://api.scryfall.com/cards/6cd829ca-408d-4898-977f-153803891a82,0,0,1,0.26
Progenitus (Promo),Grand Prix Promos,2017,https://api.scryfall.com/cards/f9d8579f-d539-44fb-a016-2537cd27efeb,1,0,3,2.03
Promise of Power,Commander 2014,157,https://api.scryfall.com/cards/a5d6325e-f889-4aad-ba83-8d70774b7478,0,0,1,0.41
Prophetic Prism,Masters 25,229,https://api.scryfall.com/cards/aecd6741-bab2-4921-b961-ea1584213558,0,0,1,0.08
Prosperous Pirates,Commander Legends,85,https://api.scryfall.com/cards/5d778bde-f927-419e-8052-6230562bdedd,0,0,1,0.06
Puresteel Paladin,Forgotten Realms Commander,69,https://api.scryfall.com/cards/6dfd52a8-14c0-4e53-862e-01da4d7823e2,0,0,1,0.78
Pyrite Spellbomb,Modern Masters,212,https://api.scryfall.com/cards/a32a10d1-ca71-4cf3-9072-ee3a69c4885c,0,0,1,0.21
Pyromancer Ascension,Modern Masters 2017,108,https://api.scryfall.com/cards/0f9cea68-4390-4d73-a374-d6299cbc9271,0,0,1,0.28
Quicksmith Rebel (Promo),Aether Revolt Promos,93s,https://api.scryfall.com/cards/c35ef8c8-d9a0-48ba-84fc-3ae8200d5acf,1,0,1,0.35
Quirion Beastcaller,Dominaria United,175,https://api.scryfall.com/cards/2a501319-59a7-45d4-a6ca-666276095f87,0,0,1,0.25
"Ragavan, Nimble Pilferer",Modern Horizons 2,138,https://api.scryfall.com/cards/a9738cda-adb1-47fb-9f4c-ecd930228c4d,0,0,4,37.63
Raging Ravine,Ultimate Masters,249,https://api.scryfall.com/cards/79e6b8fc-6627-47ab-bfd1-7300e13debec,0,0,1,0.26
Rags // Riches (Promo),Amonkhet Promos,222s,https://api.scryfall.com/cards/ccb6c790-c010-4ade-b2fb-0365bc681efd,1,0,1,1.86
"Raiyuu, Storm's Edge",Kamigawa: Neon Dynasty,232,https://api.scryfall.com/cards/37748b74-0eda-4b20-a08f-faa418adb9ff,0,0,1,0.21
Rally the Ancestors,Fate Reforged,22,https://api.scryfall.com/cards/6d9efacb-9d7c-41f4-9b11-59df1be50e11,0,0,1,0.35
Raving Dead,Commander 2014,29,https://api.scryfall.com/cards/5d24d153-a014-4524-a496-9fe1c41cbc2b,0,0,1,1.27
Read the Bones,Commander 2014,158,https://api.scryfall.com/cards/76affba3-ec52-4b98-8991-f542d92ecdaa,0,0,1,0.18
Reality Acid,Planar Chaos,45,https://api.scryfall.com/cards/8c6ad9c3-b5dd-46a9-8494-8b395e21aedf,0,0,1,0.25
Reality Smasher,Oath of the Gatewatch,7,https://api.scryfall.com/cards/52d4b652-a830-4fd4-94bb-c17c227f2928,0,0,4,0.97
Realm-Cloaked Giant // Cast Off,Throne of Eldraine,26,https://api.scryfall.com/cards/9e5c8cf1-1d7c-49e5-bfad-7e13c418118f,0,0,1,0.26
Reaper from the Abyss,Commander 2014,159,https://api.scryfall.com/cards/0831a574-33c5-4ab2-b7f6-17db2829df51,0,0,1,1.15
Reclaim,Ninth Edition,264,https://api.scryfall.com/cards/a894efb2-7773-4b69-8289-e32d02f679ff,0,0,1,2.23
Recruiter of the Guard,Conspiracy: Take the Crown,22,https://api.scryfall.com/cards/bb9ad57f-cca2-4717-a951-cbe3c7782efe,0,0,3,6.33
Red Elemental Blast,Masters 25,147,https://api.scryfall.com/cards/70a45e9b-699e-425a-9f3d-267274830d3e,0,0,1,13.75
Redirect,Magic 2013,64,https://api.scryfall.com/cards/0eef8431-f63c-44e0-940c-e1a38c338214,0,0,1,0.31
Reflections of Littjara (Extended Art),Kaldheim,347,https://api.scryfall.com/cards/694973a3-cf8b-4e5f-a0cd-40b7396c2550,0,0,1,3.52
Reflector Mage,Oath of the Gatewatch,157,https://api.scryfall.com/cards/9473fe01-83f6-4432-ab01-f7953d2ca904,0,0,1,0.33
Relic of Progenitus,Eternal Masters,231,https://api.scryfall.com/cards/436cd66c-0622-43cd-8748-af4d21a2db3f,0,0,1,4.30
Relic of Progenitus,Modern Masters,213,https://api.scryfall.com/cards/c285b3a0-a27c-4416-a1b5-90219a5c7800,0,0,1,4.17
Reliquary Tower,Magic 2013,227,https://api.scryfall.com/cards/f92583e4-9749-4c11-9d32-fb81260c5b63,0,0,1,2.71
Remorseful Cleric,Core Set 2019,33,https://api.scryfall.com/cards/9620716d-9be8-4ebd-80d2-679373f4f897,0,0,3,0.23
Repeated Reverberation,Core Set 2020,156,https://api.scryfall.com/cards/1e94c783-e474-4cbc-a38a-27ad8dd15a7b,0,0,1,0.26
Resolute Reinforcements,Dominaria United,29,https://api.scryfall.com/cards/3e11ad33-b9d7-43ef-840a-61955683b599,0,0,1,0.10
Rest in Peace,Return to Ravnica,18,https://api.scryfall.com/cards/37c2b1d1-faa0-40fd-82f4-216604ce7635,0,0,3,0.85
Restoration Angel,Modern Masters 2017,20,https://api.scryfall.com/cards/b958bcdd-d0ea-4ae0-9dd0-e6de5cf74128,0,0,3,0.34
Restoration Angel,Avacyn Restored,32,https://api.scryfall.com/cards/c2ad8639-e586-47f4-baca-2a1af5aa281b,0,0,1,0.52
Restoration Angel (Promo),Avacyn Restored Promos,32★,https://api.scryfall.com/cards/c83c7429-751e-4103-b09a-f78a9617020d,1,0,1,2.03
Retribution of the Ancients,Khans of Tarkir,85,https://api.scryfall.com/cards/0d3ee29d-b374-471d-80c3-bcad7a4226e6,0,0,1,0.44
Reveillark,Commander 2016,74,https://api.scryfall.com/cards/bf0f006b-b7d7-4ff2-b7aa-363977575240,0,0,1,0.49
Rhonas the Indomitable,Amonkhet,182,https://api.scryfall.com/cards/50f23c47-278c-4188-8fb4-ae20a0c423c5,0,0,1,5.23
Rhystic Study,Prophecy,45,https://api.scryfall.com/cards/3394cefd-a3c6-4917-8f46-234e441ecfb6,0,0,1,43.98
Rimefire Torque,Lorwyn Eclipsed,65,https://api.scryfall.com/cards/4f8931b2-ff3f-4167-8a40-f33460c2d27e,0,0,1,0.31
Rip Apart (Promo),Strixhaven: School of Mages,381,https://api.scryfall.com/cards/101f135f-1404-4333-946e-62d3aa919a62,1,0,1,1.87
Rishadan Cutpurse,Mercadian Masques,93,https://api.scryfall.com/cards/947fc270-11e3-46cd-9086-e880a5845c79,0,0,1,0.20
Rishadan Port,Mercadian Masques,324,https://api.scryfall.com/cards/477a1f53-5cdf-4b45-b584-2e36b31a3fdb,0,0,1,72.62
Rishadan Port,Masters 25,246,https://api.scryfall.com/cards/d2507bc2-da17-4e46-b4c5-ba0080ce2c6f,1,0,1,9.97
Rishadan Port,Masters 25,246,https://api.scryfall.com/cards/d2507bc2-da17-4e46-b4c5-ba0080ce2c6f,0,0,2,8.16
"Risona, Asari Commander",Kamigawa: Neon Dynasty,233,https://api.scryfall.com/cards/51d8f1fa-ca92-4e2e-91e8-195bdad82def,0,0,1,0.23
Rite of Replication,Commander 2014,122,https://api.scryfall.com/cards/863c3968-d23d-4bf3-97ab-fbf2f6015a70,0,0,1,0.96
Rivaz of the Claw,Dominaria United,215,https://api.scryfall.com/cards/9a47573a-601e-4738-acef-16118289f939,0,0,1,1.64
Roast (Promo),Friday Night Magic 2015,11,https://api.scryfall.com/cards/e34bbf48-a3e7-4e69-b060-73f1c4d5e402,1,0,1,0.36
Rogue's Passage,Magic Origins,250,https://api.scryfall.com/cards/e9851abd-ec17-4b97-9e5f-c335985a5f29,0,0,1,0.40
Roon of the Hidden Realm,Commander Anthology,190,https://api.scryfall.com/cards/f8ff4b08-fa1a-4564-b427-ea89e54a0e7b,0,0,1,0.39
Runaway Steam-Kin (Promo),Guilds of Ravnica Promos,115s,https://api.scryfall.com/cards/849a9676-26d2-4cfd-8e3e-76c01db79398,1,0,1,6.53
"Ruric Thar, the Unbowed",Dragon's Maze,99,https://api.scryfall.com/cards/84dd3586-7c3b-4f9c-a1eb-7745b75339b0,0,0,1,0.45
Sacred Foundry,Gatecrash,245,https://api.scryfall.com/cards/0a26d900-c652-4f9c-8681-a35c5f8b1937,0,0,4,10.35
Sage Aven,Ninth Edition,95,https://api.scryfall.com/cards/af71e998-0ce3-4533-84cd-91cc6f288986,0,0,1,0.13
"Samwise the Stouthearted (Promo, Full Art)",The Lord of the Rings: Tales of Middle-earth,449,https://api.scryfall.com/cards/16891fb5-1388-465c-8d86-97de0ee94ef1,1,0,1,0.21
Samwise the Stouthearted (Showcase),The Lord of the Rings: Tales of Middle-earth,306,https://api.scryfall.com/cards/44c6a273-9307-432a-96f5-3e536da70f95,0,0,1,0.12
Sanctifier en-Vec (Retro Frame),Modern Horizons 2,386,https://api.scryfall.com/cards/a8d4ef76-4d57-40df-93f6-c67c017798ce,1,0,1,0.57
Sanctifier en-Vec (Retro Frame),Modern Horizons 2,386,https://api.scryfall.com/cards/a8d4ef76-4d57-40df-93f6-c67c017798ce,0,0,1,0.72
Sanctum Prelate,Conspiracy: Take the Crown,23,https://api.scryfall.com/cards/1d95a7dd-2803-4164-8979-d7e8e8085ca2,0,0,1,1.26
Sandsteppe Mastodon (Promo),Fate Reforged Promos,137s,https://api.scryfall.com/cards/84c460af-1b58-440f-9fb1-e6049a44455e,1,0,27,0.29
Sapphire Medallion,Modern Horizons 3,296,https://api.scryfall.com/cards/a77850b2-6478-449e-bdb9-5b92650e3504,0,0,1,5.14
Scalding Tarn,Modern Masters 2017,244,https://api.scryfall.com/cards/f2661d4a-450a-433a-b893-b1ee15982494,0,0,4,29.74
Scavenging Ooze,Magic 2014,195,https://api.scryfall.com/cards/ec30153a-36b5-42f8-beed-9efab09f1051,0,0,2,0.28
Scheming Symmetry,Core Set 2020,113,https://api.scryfall.com/cards/01acc50b-856d-442d-9880-1a892b40643b,0,0,1,8.09
Sea Gate Oracle,Modern Masters 2017,48,https://api.scryfall.com/cards/e1b075e2-6669-4074-a8df-91287970ecfc,0,0,1,0.11
Sea of Clouds,Battlebond,84,https://api.scryfall.com/cards/080aebe8-535e-4632-b733-8aba98abff22,0,0,1,16.97
Sea of Clouds,Commander Legends: Battle for Baldur's Gate,360,https://api.scryfall.com/cards/d4fb722f-40af-4bd1-b660-e8186b98f233,0,0,1,15.88
Seething Song,Ninth Edition,216,https://api.scryfall.com/cards/10418027-7b05-49e7-8ff4-6a03e3fb656b,0,0,1,7.72
Seize the Day,Ultimate Masters,147,https://api.scryfall.com/cards/0ee67808-abe3-4755-83a0-03681ad5f82f,0,0,1,14.47
Selesnya Signet,Modern Masters 2017,226,https://api.scryfall.com/cards/711c5c5b-ffab-4a78-9f3a-0b80860b8c53,0,0,1,0.65
Selfless Spirit,Eldritch Moon,40,https://api.scryfall.com/cards/a4624976-3773-4a1e-b725-5f6efce147a5,0,0,4,1.31
Sensor Splicer,Modern Masters 2017,23,https://api.scryfall.com/cards/3369340f-d170-4566-b8e8-e4dc918f7f85,1,0,1,0.24
Settle the Wreckage,Ixalan,34,https://api.scryfall.com/cards/9cbd346e-098a-4cf6-a72f-468376fd2e8f,0,0,3,2.56
Shadowborn Apostle,Magic 2014,114,https://api.scryfall.com/cards/202c2323-6589-457a-af51-5528a98e7b30,0,0,10,1.59
Shadow-Rite Priest,Dominaria United,106,https://api.scryfall.com/cards/c9e43116-a489-4557-a47f-623d915a2b79,0,0,1,0.24
Shadowspear,Theros Beyond Death,236,https://api.scryfall.com/cards/939c6e19-4b27-4023-bb9c-ae440f91e21c,0,0,1,38.43
Shadrix Silverquill (Promo),Strixhaven: School of Mages Promos,230p,https://api.scryfall.com/cards/665b842f-b40e-4be6-8488-6d646da9ca1e,1,0,1,2.82
"Shalai, Voice of Plenty",Dominaria,35,https://api.scryfall.com/cards/db827ee7-6f2e-4e10-aac0-120fc2b69fbd,0,0,1,2.92
Shaman of the Pack,Eternal Masters,205,https://api.scryfall.com/cards/9eedf655-771d-4a08-a24a-3dc5d1725314,1,0,1,3.62
Shamanic Revelation (Promo),Fate Reforged Promos,138s,https://api.scryfall.com/cards/c8f77d9d-5b34-4f44-9554-28b235a26710,1,0,2,5.19
Shefet Dunes,Hour of Devastation,183,https://api.scryfall.com/cards/6077f4e9-5717-4048-b798-4f8d535a4170,0,0,2,0.20
Shriekmaw,Commander 2014,160,https://api.scryfall.com/cards/eaca59c9-6a7f-4487-b1a9-e088b97378da,0,0,1,0.20
Siege Rhino,Khans of Tarkir,200,https://api.scryfall.com/cards/9011126a-20bd-4c86-a63b-1691f79ac247,0,0,1,0.27
Sigarda's Aid,Commander Legends,384,https://api.scryfall.com/cards/531da950-dc96-4050-94a8-e01b73ddd965,0,0,1,17.61
Sigarda's Aid,Eldritch Moon,41,https://api.scryfall.com/cards/7fc32f1d-dee7-4f71-a652-26a006e6020a,0,0,2,14.82
Sign in Blood,Commander 2014,161,https://api.scryfall.com/cards/79a1b47b-0ae0-4e3f-82d6-27d376ee4022,0,0,1,0.35
Silent Clearing,Modern Horizons,246,https://api.scryfall.com/cards/ac07e230-0297-4e1d-bdfe-119010e0ad8e,0,0,4,6.31
Silent Sentinel (Promo),Born of the Gods Promos,26★,https://api.scryfall.com/cards/4b3d1c04-4094-4d9f-af4d-b5593b7b58d2,1,0,1,0.18
Silent Submersible (Promo),War of the Spark Promos,66s,https://api.scryfall.com/cards/b4923dc1-cc0d-4551-b898-6282d41ba6a5,1,0,1,0.71
Silverback Elder,Dominaria United,177,https://api.scryfall.com/cards/b987664f-0b74-4c0a-b306-14767a55559a,0,0,1,7.09
Simian Spirit Guide,Masters 25,148,https://api.scryfall.com/cards/19f1ac65-aed8-4ac6-ba90-e088db6c1389,0,0,4,3.42
Skeletal Scrying,Commander 2014,162,https://api.scryfall.com/cards/ec80a037-92b2-4ce9-8c64-a8ebfac76cb5,0,0,1,0.23
Skirsdag High Priest,Commander 2014,163,https://api.scryfall.com/cards/6b5771ae-8c27-40b3-b384-974cd75283fb,0,0,1,0.23
Skyclave Apparition,Zendikar Rising,39,https://api.scryfall.com/cards/b83cfbaa-7890-4f6f-878b-4edb45677371,0,0,4,0.34
Skyclave Shade (Promo),Zendikar Rising Promos,125p,https://api.scryfall.com/cards/c4c32adc-c314-45e9-8741-b4ec3aaecfa0,0,0,1,0.16
Skyship Stalker (Promo),Kaladesh Promos,130s,https://api.scryfall.com/cards/8cf6c559-fe07-4da8-a7b8-abce7b5a1d12,1,0,1,0.50
Sliver Hivelord,Magic 2015,211,https://api.scryfall.com/cards/ba4106de-20c7-48cf-8a36-8c6913b46c89,1,0,1,68.95
Smothering Tithe,Ravnica Allegiance,22,https://api.scryfall.com/cards/7af082fa-86a3-4f7b-966d-2be1f1d0c0bc,0,0,1,41.74
Snapcaster Mage,Ultimate Masters,71,https://api.scryfall.com/cards/7e41765e-43fe-461d-baeb-ee30d13d2d93,0,0,1,17.99
Snapcaster Mage,Innistrad,78,https://api.scryfall.com/cards/9e5b279e-4670-4a1e-87d0-3cab7e4f9e58,0,0,1,16.78
Snow-Covered Forest,Ice Age,383,https://api.scryfall.com/cards/4c0ad95c-d62c-4138-ada0-fa39a63a449e,0,0,3,2.01
Snow-Covered Forest (Full Art),Modern Horizons,254,https://api.scryfall.com/cards/1c59fc48-704b-4187-b9d3-2a2cff6dd54b,0,0,3,0.84
Snow-Covered Island (Full Art),Modern Horizons,251,https://api.scryfall.com/cards/8ac1fceb-8427-409c-98a4-9a5c1ff980b4,0,0,5,1.23
Snow-Covered Mountain (Full Art),Modern Horizons,253,https://api.scryfall.com/cards/d2209e6f-1d9d-43bb-a314-a8fefc509e78,0,0,2,0.70
Snow-Covered Plains,Ice Age,367,https://api.scryfall.com/cards/cb3ac778-fb45-4fd3-a9af-8a0791f833e8,0,0,1,1.14
Snow-Covered Plains (Full Art),Modern Horizons,250,https://api.scryfall.com/cards/7a961768-6166-4852-b518-23eb4cced47d,0,0,5,0.75
Snow-Covered Swamp,Kaldheim,280,https://api.scryfall.com/cards/6aa85af8-15f5-4620-8aea-0b45c28372ed,0,0,1,0.49
Sol Ring,Commander 2014,270,https://api.scryfall.com/cards/b79cb394-eb91-4b3b-91d4-c6a0f723feb1,0,0,1,1.59
Sol Ring,Commander 2019,221,https://api.scryfall.com/cards/e672d408-997c-4a19-810a-3da8411eecf2,0,0,1,1.44
Solemn Simulacrum,Mirrodin,245,https://api.scryfall.com/cards/00f9955f-a522-47bf-b064-92dd21a76b18,0,0,1,1.78
Solitude,Modern Horizons 2,32,https://api.scryfall.com/cards/47a6234f-309f-4e03-9263-66da48b57153,0,0,4,28.38
Sorcerous Spyglass,Ixalan,248,https://api.scryfall.com/cards/85506a24-8d60-475c-9f43-65994caca7d4,0,0,2,0.16
Soul Warden,Modern Masters 2017,24,https://api.scryfall.com/cards/d96266b3-a7cb-40ce-a328-ac13719fe5f0,0,0,1,2.38
Soulherder,Modern Horizons,214,https://api.scryfall.com/cards/ea23111b-ccc1-4d5c-a9d2-9db14c728820,0,0,2,1.82
Spawn of Thraxes (Promo),Journey into Nyx Promos,112★,https://api.scryfall.com/cards/402a302a-4ba5-44a8-b291-afe74f3d0e67,1,0,1,0.42
Spell Pierce,Ixalan,81,https://api.scryfall.com/cards/6bf4dfc0-c58b-4535-b660-54ceaa6e0217,0,0,1,0.23
Spell Pierce,Kamigawa: Neon Dynasty,80,https://api.scryfall.com/cards/beb42273-935b-4bda-849e-c163606cf89e,0,0,2,0.19
Spell Pierce,Zendikar,67,https://api.scryfall.com/cards/cb3d3901-e4a6-45ab-a7b5-c65d91e1875e,0,0,1,0.38
Spell Pierce,Modern Masters 2017,51,https://api.scryfall.com/cards/53d4fd57-74b6-42c7-88b1-110e5a8dfc3c,0,0,2,0.25
Spell Queller,Eldritch Moon,189,https://api.scryfall.com/cards/9b76bcd4-580a-4435-afe9-290940b1837f,0,0,1,0.34
Spellbook,Ninth Edition,309,https://api.scryfall.com/cards/5dbc3e2c-f6a6-4e4a-adfe-97fbc1596ac3,0,0,1,1.77
Spellseeker,Battlebond,41,https://api.scryfall.com/cards/74b4c336-5d4c-4bc5-b82a-35084a6ad808,0,0,1,14.77
Spire Garden,Commander Legends: Battle for Baldur's Gate,361,https://api.scryfall.com/cards/72aed540-7833-4442-90a9-aa5468014c65,0,0,1,16.54
Spirit Link,Ninth Edition,47,https://api.scryfall.com/cards/38906047-d692-46e4-a42d-08293b42f29c,0,0,1,0.34
Spirit of the Labyrinth,Born of the Gods,27,https://api.scryfall.com/cards/f44e5128-e146-4e46-b313-a40d82719d1d,0,0,3,0.63
Spoils of Blood,Commander 2014,30,https://api.scryfall.com/cards/d9df391c-eb76-45b1-a58d-8211538a22ac,0,0,1,1.26
Spreading Seas,Zendikar,70,https://api.scryfall.com/cards/37454c1c-4098-4ac2-884e-3f65f1384bdb,0,0,4,0.27
Springleaf Drum,Born of the Gods,162,https://api.scryfall.com/cards/5bc9d645-0220-4a65-bbc7-abc64ded548e,0,0,2,0.78
Squirrel,Modern Horizons Tokens,15,https://api.scryfall.com/cards/7b997fe7-69f3-4ccd-b3a7-ef5e0cb7db46,1,0,1,
Static Prison,Modern Horizons 3,44,https://api.scryfall.com/cards/dd16222e-349c-4a2b-a7c8-8eb35a8ab332,0,0,1,0.14
Steam Vents,Return to Ravnica,247,https://api.scryfall.com/cards/de911c88-f5c8-4955-9fa5-1f28a9b17236,0,0,4,16.01
Steel Overseer,Core Set 2020,239,https://api.scryfall.com/cards/6ed61426-e652-4b48-b936-8be9b6b57731,0,0,1,0.82
Stomping Ground,Gatecrash,247,https://api.scryfall.com/cards/f29f3415-971c-4a5d-aae9-3893f4bdab1e,0,0,4,7.88
Stonecoil Serpent,Throne of Eldraine,235,https://api.scryfall.com/cards/b34bf7fd-9fe3-43e2-8cfe-7ce7cff08afe,0,0,1,1.07
Stoneforge Mystic (Promo),Grand Prix Promos,2016,https://api.scryfall.com/cards/6003e1e8-13d5-4f17-bbd4-ee05a6c4b30d,1,0,4,25.25
Stony Silence,Innistrad,36,https://api.scryfall.com/cards/f56a5a73-5f10-4f97-989f-7cea0a8d95e3,0,0,3,1.48
Street Wraith,Future Sight,90,https://api.scryfall.com/cards/672e2815-bbcc-4338-a8ba-9aa97142ea69,0,0,2,2.34
Street Wraith,Time Spiral Remastered,141,https://api.scryfall.com/cards/7d078cad-7f2b-4bef-b637-46aec9c8ed36,0,0,2,0.21
Strionic Resonator,Magic 2014,224,https://api.scryfall.com/cards/94d1fc0f-5c8b-4e47-aaf8-8888c025f70f,0,0,1,6.14
Stubborn Denial,Khans of Tarkir,56,https://api.scryfall.com/cards/6f8626c4-306f-4e9d-8840-2bb73fe87e87,0,0,4,3.49
Sudden Spoiling,Commander 2014,164,https://api.scryfall.com/cards/acfcf183-9c87-4a62-988c-3bedc9d87c12,0,0,1,5.35
Sulfurous Springs,Dominaria United,256,https://api.scryfall.com/cards/dfd5450a-6490-417f-9aea-b6fca6f380d7,0,0,2,1.13
Summoner's Pact,Masters 25,189,https://api.scryfall.com/cards/4550b26a-3a73-4724-99d5-1e0a52c36701,0,0,1,3.63
Summoner's Pact,Future Sight,139,https://api.scryfall.com/cards/948b026c-cfce-462b-afb6-7a383bd121de,0,0,1,6.83
Sun Titan,Commander 2014,91,https://api.scryfall.com/cards/be5f45bb-de82-4e64-a9c3-e8bac5d4fa75,0,0,1,0.41
Sunbaked Canyon,Modern Horizons,247,https://api.scryfall.com/cards/c36820fa-ee86-4206-9a0d-737a67cf5208,0,0,4,2.73
Sungold Sentinel (Promo),Innistrad: Midnight Hunt Promos,37p,https://api.scryfall.com/cards/6face054-11d8-4cf6-a2cb-a062edb3baca,0,0,1,0.50
Sunpetal Grove,Magic 2012,229,https://api.scryfall.com/cards/0c0e02be-e41f-49b4-8393-c4cd2992e380,0,0,1,1.02
Supreme Verdict,Return to Ravnica,201,https://api.scryfall.com/cards/4e9648f9-7a67-4717-bca1-861d1f7fed43,0,0,1,2.55
Surgical Extraction,New Phyrexia,74,https://api.scryfall.com/cards/dca7e072-edb5-4f7e-bdec-a3a393053c80,0,0,1,3.91
Swamp,Commander 2014,327,https://api.scryfall.com/cards/6ecb02b0-adb9-42b1-86b0-23eab29f5dda,0,0,8,0.18
Swamp,Commander 2014,329,https://api.scryfall.com/cards/b080a42a-03cd-400b-bc67-379d3a6e5c6b,0,0,8,0.19
Swamp,Commander 2014,326,https://api.scryfall.com/cards/85c3d3a3-1199-4936-b5a6-4889072c7e64,0,0,8,0.17
Swamp,Commander 2014,328,https://api.scryfall.com/cards/d03d40db-9754-4fa1-8023-e30dfef4b0d8,0,0,8,0.17
Swamp (Full Art),Theros Beyond Death,252,https://api.scryfall.com/cards/02cb5cfd-018e-4c5e-bef1-166262aa5f1d,0,0,1,1.58
Swamp (Full Art),Kamigawa: Neon Dynasty,297,https://api.scryfall.com/cards/c50b3d79-2361-4858-98b0-64d83c4f7f70,0,0,1,3.73
Swamp (Promo),Grand Prix Promos,2018c,https://api.scryfall.com/cards/47ad789b-a519-4f90-91fc-e45f41dbbf22,1,0,1,3.12
Swamp (Promo),MagicFest 2020,4,https://api.scryfall.com/cards/4e0e3fed-c7b6-43f8-9ab5-b80bde709276,1,0,1,0.55
Swamp (Promo),M20 Promo Packs,3,https://api.scryfall.com/cards/783616d6-e3ea-43fd-97eb-6e4c5a2c711f,1,0,1,0.82
Swan Song,Commander 2016,98,https://api.scryfall.com/cards/9d968dde-c406-48ef-a1ab-373aebc24693,0,0,1,12.44
Swiftblade Vindicator (Promo),Guilds of Ravnica Promos,203s,https://api.scryfall.com/cards/0a424577-f1b7-4250-a4ed-7ceebdb45d51,1,0,1,0.78
Swiftfoot Boots,Commander 2014,275,https://api.scryfall.com/cards/4b224614-6374-4c42-8715-daa0b73ca05c,0,0,1,1.57
Sword of Fire and Ice,Darksteel,148,https://api.scryfall.com/cards/8eb613ee-8b8b-4a34-886c-6592b27672b3,0,0,1,40.74
Sword of Light and Shadow,Modern Masters,217,https://api.scryfall.com/cards/b662709a-d0b3-4c85-b849-6aedebb550eb,0,0,1,11.88
Swords to Plowshares,Revised Edition,41,https://api.scryfall.com/cards/057d2410-30d3-4b7a-9dc3-f2512c1cf31c,0,0,2,4.10
Swords to Plowshares,Eternal Masters,32,https://api.scryfall.com/cards/b6bafa7b-62a4-477c-b2f5-6b9d26c6cbf4,0,0,1,1.34
Swords to Plowshares,Iconic Masters,36,https://api.scryfall.com/cards/f3a0ae49-8aca-44fe-abea-2cff92a6adbc,0,0,2,2.83
Syphon Mind,Commander 2014,165,https://api.scryfall.com/cards/d0be2d6e-e8c4-48e0-8fef-880642b0c7f4,0,0,1,0.37
"Tajic, Legion's Edge",Guilds of Ravnica,204,https://api.scryfall.com/cards/5e669a01-84d3-4fcc-8396-9e987bd89b4f,1,0,1,0.58
"Takenuma, Abandoned Mire (Promo)",Kamigawa: Neon Dynasty Promos,278s,https://api.scryfall.com/cards/198cc211-ca8e-4bb3-b825-4aab5a4ed10a,1,0,1,11.77
Tale's End,Core Set 2020,77,https://api.scryfall.com/cards/1421115b-9a98-4ab2-bcb2-7d8899ce12db,1,0,1,4.05
Talisman of Progress,Mirrodin,256,https://api.scryfall.com/cards/41ff849e-2439-4690-8aa4-769039b6da4c,0,0,1,1.14
Talisman of Resilience,Modern Horizons,234,https://api.scryfall.com/cards/cc25a254-edd2-4817-ab80-7373239da7d2,0,0,1,0.36
Talisman of Unity,Mirrodin,257,https://api.scryfall.com/cards/d6cc8a5a-b98b-4758-a168-bf2ef738fb05,0,0,1,0.80
Tamiyo's Safekeeping,Kamigawa: Neon Dynasty,211,https://api.scryfall.com/cards/fd4b7ee2-de65-4288-872d-486065a4f226,0,0,3,2.90
"Tatsunari, Toad Rider",Kamigawa: Neon Dynasty,123,https://api.scryfall.com/cards/abf42833-43d0-4b05-b499-d13b2c577ee8,0,0,1,0.20
Tectonic Edge,Worldwake,145,https://api.scryfall.com/cards/fdcf5c0f-9d18-406d-a930-c179a781264f,0,0,4,0.29
Teferi's Ageless Insight,Core Set 2021,76,https://api.scryfall.com/cards/c38d1722-96b0-4756-9da9-fe18b1c80649,0,0,1,2.70
Teferi's Protection (Full Art),Strixhaven Mystical Archive,74,https://api.scryfall.com/cards/a7f56fbb-c88a-4d10-a6c1-fef72403c4b9,0,0,1,56.43
Temple Garden,Return to Ravnica,248,https://api.scryfall.com/cards/b821e604-f9fd-47a4-b5ff-bfb5022834c2,0,0,4,11.83
Temple of Mystery,Theros,226,https://api.scryfall.com/cards/2f66945b-3e64-498a-9478-5f96a61d4ec7,0,0,1,0.27
Temple of Silence,Theros,227,https://api.scryfall.com/cards/0f14b6b3-5f40-4328-a3be-28fe32dd7cb1,0,0,3,0.26
Tendrils of Corruption,Commander 2014,166,https://api.scryfall.com/cards/01dad575-72e7-4c94-9ccb-fa6761cb6246,0,0,1,0.36
Terminate,Alara Reborn,46,https://api.scryfall.com/cards/dc8acab8-4469-4baa-af2f-a3f49b841a55,0,0,3,0.57
Tezzeret the Seeker,Shards of Alara,60,https://api.scryfall.com/cards/3b214b6f-4734-4200-8467-92d7e3469b5d,0,0,1,26.70
"Thalia, Guardian of Thraben",Dark Ascension,24,https://api.scryfall.com/cards/824423ff-6441-4be6-b754-810adf9ca6a2,0,0,4,0.70
"Thalia, Heretic Cathar",Eldritch Moon,46,https://api.scryfall.com/cards/ab0cee38-5e24-49d0-870c-22843ed4e101,0,0,1,1.77
The Water Crystal,Final Fantasy,85,https://api.scryfall.com/cards/e0af8436-797b-4e1f-b21a-d8e93701c3c9,0,0,1,2.53
Thornwind Faeries,Commander Anthology,42,https://api.scryfall.com/cards/d2f6a604-1a00-41c4-afe1-e80371c7596a,0,0,1,0.51
Thought Scour,Dark Ascension,52,https://api.scryfall.com/cards/88bf1ebb-9d85-4b9b-a614-c7f965c0893d,0,0,1,0.54
Thought Vessel,Commander 2015,55,https://api.scryfall.com/cards/e0cd769e-1aaf-458c-849f-3b6ebc7fd8c5,0,0,2,1.79
Thoughtcast,Modern Masters 2015,64,https://api.scryfall.com/cards/895485a4-06b6-449d-8cf1-db08e52790e4,0,0,1,1.73
Thought-Knot Seer,Oath of the Gatewatch,9,https://api.scryfall.com/cards/bffc360e-db41-48f3-9365-680d55046e04,0,0,4,4.08
Thoughtseize,Iconic Masters,110,https://api.scryfall.com/cards/310a1c46-8331-4a09-9fcb-d942f8102364,0,0,1,6.21
Thoughtseize,Theros,107,https://api.scryfall.com/cards/65b7275a-5305-42e6-b5c3-8b88568b4e28,0,0,3,4.99
Thraben Inspector,Shadows over Innistrad,44,https://api.scryfall.com/cards/d140c3b7-ca78-483d-baeb-307b624fea8b,0,0,1,0.15
Thran Portal,Dominaria United,259,https://api.scryfall.com/cards/ef074a2e-a387-4af8-a180-74b145d93992,0,0,1,0.68
Tocatli Honor Guard,Ixalan,42,https://api.scryfall.com/cards/a3fc3501-e7bd-4589-98c5-4476258842ea,0,0,1,0.22
"Tomik, Distinguished Advokist",War of the Spark,34,https://api.scryfall.com/cards/f346387c-2f13-472b-b5b1-968b490eb38f,1,0,1,0.88
Tormod's Crypt,Magic 2015,237,https://api.scryfall.com/cards/314bb937-1b1e-4daa-8b9e-2d282e8f433b,0,0,1,0.36
Tormod's Crypt,Magic 2013,219,https://api.scryfall.com/cards/efdfb60b-948b-40fb-b18e-08f0300624b3,0,0,1,0.38
Touch the Spirit Realm,Kamigawa: Neon Dynasty,40,https://api.scryfall.com/cards/e16ab44e-4257-4c0c-b705-8ac1e9c1d835,1,0,1,3.11
"Tourach, Dread Cantor",Modern Horizons 2,102,https://api.scryfall.com/cards/f3526751-0101-4d91-a496-c53cd92326e0,0,0,1,0.86
"Tourach, Dread Cantor (Retro Frame)",Modern Horizons 2,402,https://api.scryfall.com/cards/2e7caf6c-9f5b-45c4-99ab-2968c3d574e9,1,0,1,1.59
Tragic Slip,Commander 2014,167,https://api.scryfall.com/cards/e620908f-6158-43a5-b7e1-0b2aa8d90396,0,0,1,0.17
Traveler's Cloak,Conspiracy,109,https://api.scryfall.com/cards/c29e4a61-8f84-4c19-909d-6aebb3b9ab9b,0,0,1,0.18
Treasure,Kamigawa: Neon Dynasty Tokens,17,https://api.scryfall.com/cards/6911181d-573b-41eb-96a4-799c96e008fc,0,0,3,0.16
Treasure Cruise,Khans of Tarkir,59,https://api.scryfall.com/cards/7a59d4b1-6cf4-44ec-8a96-1bb7094fea21,0,0,1,0.33
Tribute Mage,Modern Horizons,73,https://api.scryfall.com/cards/6c180888-6acd-401b-815a-6ed434482681,0,0,1,0.88
Turn to Mist,Ultimate Masters,224,https://api.scryfall.com/cards/160d3bf1-5f8b-431c-bb4e-a6874c69817a,1,0,1,0.29
Typhoid Rats,Magic 2015,118,https://api.scryfall.com/cards/9f8723f6-96b1-4441-8a57-435fb82d6db4,0,0,1,0.12
Umezawa's Jitte,Betrayers of Kamigawa,163,https://api.scryfall.com/cards/3b6e5956-f795-451b-bb24-56462d1ced27,0,0,1,12.54
Undergrowth Champion (Promo),Battle for Zendikar Promos,197s,https://api.scryfall.com/cards/3db40f2b-c2b1-4dfd-9fa1-c335664ee45f,1,0,1,11.67
Underworld Breach,Theros Beyond Death,161,https://api.scryfall.com/cards/0e51d796-7279-4c06-87f0-37adbdaa41df,0,0,2,12.61
Underworld Breach (Extended),Theros Beyond Death,324,https://api.scryfall.com/cards/18e1bdc9-be60-4abd-9756-d3e70e2fcdb5,0,0,1,14.44
Underworld Dreams,Ninth Edition,167,https://api.scryfall.com/cards/5b1cbd83-c997-4c95-86a0-fe3c83d14975,0,0,1,3.13
Unholy Heat,Modern Horizons 2,145,https://api.scryfall.com/cards/2b73d294-6ab1-4051-9b0f-d8e335d37674,0,0,3,0.17
Unholy Heat,Modern Horizons 2,145,https://api.scryfall.com/cards/2b73d294-6ab1-4051-9b0f-d8e335d37674,1,0,1,0.27
Unlicensed Hearse,Streets of New Capenna,246,https://api.scryfall.com/cards/93ee60f7-31dd-4bc6-b71f-57a1a0d19d20,0,0,2,0.29
Unstable Obelisk,Commander 2014,58,https://api.scryfall.com/cards/b331b231-f31f-479f-80a9-f32c64d35096,0,0,1,0.18
Urza Assembles the Titans,Dominaria United,37,https://api.scryfall.com/cards/10a544d7-ead7-42fd-a35a-c1b672771d5b,0,0,1,0.23
Urza's Saga,Modern Horizons 2,259,https://api.scryfall.com/cards/c1e0f201-42cb-46a1-901a-65bb4fc18f6c,0,0,4,35.59
"Vadrik, Astral Archmage (Promo)",Innistrad: Midnight Hunt Promos,248p,https://api.scryfall.com/cards/9029155b-b397-498a-ba34-0e6d3fbde968,1,0,1,0.49
Vampire // Treasure (Promo),Friday Night Magic 2017,10,https://api.scryfall.com/cards/05934d59-7e98-4fff-8ccb-70cd1a61c6fd,1,0,2,1.15
Vampire Hexmage,Commander 2014,168,https://api.scryfall.com/cards/47c8e6c4-450b-4f8b-b897-5808fe935a90,0,0,1,0.32
Vampire Nighthawk,Zendikar,116,https://api.scryfall.com/cards/44f19fe3-7a17-4c45-adfa-590f73dfebfa,0,0,1,0.25
Vapor Snag,New Phyrexia,48,https://api.scryfall.com/cards/70305148-23bd-41dd-9de5-13cf5ae591ae,0,0,1,0.21
Vapor Snag,Modern Masters 2015,66,https://api.scryfall.com/cards/59f26d0a-e9f3-442f-b5c6-8016cf736432,0,0,1,0.24
Venom Sliver,Magic 2015,205,https://api.scryfall.com/cards/8db38bd9-bf58-41ca-84b9-f3582670143e,0,0,1,1.55
"Venser, Shaper Savant",Modern Masters 2017,55,https://api.scryfall.com/cards/92a0243a-4661-4c7c-8dd2-9237bf9238de,0,0,1,0.76
Verdant Catacombs,Modern Masters 2017,249,https://api.scryfall.com/cards/15faa763-b897-4e86-b094-73f3236291a9,0,0,4,24.64
Victimize,Commander 2014,169,https://api.scryfall.com/cards/23633024-04aa-4b84-b80d-910ad4527537,0,0,1,0.89
Vines of Vastwood,Zendikar,193,https://api.scryfall.com/cards/e8bd8b10-de86-4bb6-b49f-6ccb5297c81c,0,0,1,1.71
Viscera Seer,Magic 2011,120,https://api.scryfall.com/cards/6179f847-e334-4f7f-9a4e-0013942a394f,0,0,2,0.64
"Vivien, Champion of the Wilds",War of the Spark,180,https://api.scryfall.com/cards/ff3986d7-9b3d-4082-8d72-ce59c9fcd5d5,0,0,1,1.07
Voice of Resurgence,Dragon's Maze,114,https://api.scryfall.com/cards/07246783-d475-4f61-99ac-e2b574072349,0,0,1,1.71
Volatile Fault,The Lost Caverns of Ixalan,286,https://api.scryfall.com/cards/9385abf3-b067-4586-bf3d-175526cf8f0a,0,0,4,0.12
Vraska's Contempt,Ixalan,129,https://api.scryfall.com/cards/bd7550dd-dfc5-43cd-a117-1244ee3086a8,0,0,2,0.39
Wake the Dead,Commander 2014,31,https://api.scryfall.com/cards/842fb0f2-8a03-4b43-be41-dbc5b6509269,0,0,1,3.23
Walking Ballista,Aether Revolt,181,https://api.scryfall.com/cards/329a8738-3e17-403a-857a-0ba529ce8cd1,0,0,1,8.14
Wall of Omens,Eternal Masters,34,https://api.scryfall.com/cards/f5c2aad9-1dc4-4e33-a630-9b828de1ed20,0,0,1,0.25
Warden of the First Tree,Fate Reforged,143,https://api.scryfall.com/cards/2e0c6628-04f1-4800-baa8-bcaefe64f59f,0,0,1,0.26
Wasteland,Eternal Masters,248,https://api.scryfall.com/cards/aaafb9bc-7cea-4624-a227-595544fa42b0,0,0,4,21.81
Watery Grave,Gatecrash,249,https://api.scryfall.com/cards/47fde349-010e-4a2e-838e-e924dbeec355,0,0,4,10.11
Welkin Tern,Magic 2015,84,https://api.scryfall.com/cards/ea98c545-42d7-47f6-a155-4db092c178c1,0,0,1,0.03
Whir of Invention,Aether Revolt,49,https://api.scryfall.com/cards/0279fd3c-9252-4958-9d7a-5f33aa25907e,0,0,1,4.44
White Orchid Phantom,Modern Horizons 3,47,https://api.scryfall.com/cards/4f8d885c-5b57-457f-a658-fd0b79cf98cc,0,0,4,0.30
Windfall,Commander 2020,128,https://api.scryfall.com/cards/3484e885-253e-41dc-a541-1576debc9884,0,0,1,4.23
Windswept Heath,Khans of Tarkir,248,https://api.scryfall.com/cards/e7b28650-cddc-4878-b1d1-b5a764f4df49,0,0,4,10.26
Witch Enchanter // Witch-Blessed Meadow,Modern Horizons 3,239,https://api.scryfall.com/cards/62061e7c-cf19-4f03-b8fa-2bdba62d6b0b,0,0,4,3.14
Wolf,Born of the Gods Tokens,9,https://api.scryfall.com/cards/8958b650-c831-4499-813b-5699954ab2f0,0,0,2,0.12
Wooded Foothills,Khans of Tarkir,249,https://api.scryfall.com/cards/a8503cca-7e7d-44c4-8587-81376b396398,0,0,4,16.21
Woodland Bellower,Magic Origins,207,https://api.scryfall.com/cards/a706d4bb-0b44-4e43-b340-7de799c086b8,0,0,1,4.48
World Breaker (Promo),Oath of the Gatewatch Promos,126s,https://api.scryfall.com/cards/b59cbc7b-cee5-4dc3-bc9d-ba8bd7a52c2c,1,0,1,16.25
Worn Powerstone,Commander 2014,282,https://api.scryfall.com/cards/f2372952-fe79-4301-916b-e7332ab45794,0,0,1,0.37
Worship,Eighth Edition,57,https://api.scryfall.com/cards/006c18cf-b6d2-4fba-b9da-c9762fb3885b,0,0,1,0.75
Worthy Knight,Throne of Eldraine,36,https://api.scryfall.com/cards/4b2bde2d-e5df-407e-993c-85880dbb6045,0,0,1,0.22
Wrath of the Skies,Modern Horizons 3,49,https://api.scryfall.com/cards/4ef1882e-b422-4f30-8a6c-bd71c2601660,1,0,2,1.56
Wrath of the Skies (Full Art),Modern Horizons 3,325,https://api.scryfall.com/cards/096e3a66-d59e-43f8-9ce1-054680f5d46b,0,0,1,4.26
Wrath of the Skies (Retro Frame),Modern Horizons 3,397,https://api.scryfall.com/cards/7325714a-bd27-4215-9826-3785089ffa23,1,0,1,8.14
Xathrid Demon,Commander 2014,170,https://api.scryfall.com/cards/0e33fd08-7c23-4ea6-be98-f907defcbd30,0,0,1,0.47
Xathrid Necromancer (Promo),Magic 2014 Promos,A12,https://api.scryfall.com/cards/c4703ce4-5c40-4436-bff2-8e3458f55b47,1,0,1,0.30
"Yorion, Sky Nomad",Ikoria: Lair of Behemoths,359,https://api.scryfall.com/cards/275426c4-c14e-47d0-a9d4-24da7f6f6911,0,0,1,0.41
Ziatora's Proving Ground,Streets of New Capenna,261,https://api.scryfall.com/cards/75fdce80-e338-4a50-bdc6-786511feaeef,0,0,1,12.21
Zodiac Monkey,Ninth Edition,285,https://api.scryfall.com/cards/1670108c-c3c8-4052-8f19-30dcb2266774,0,0,1,0.49
Zombie,Commander 2014 Tokens,16,https://api.scryfall.com/cards/0397aa00-6d82-47d9-bc30-072b722c8b71,0,0,10,
